ico;nazov;obec;okres;typ_prevadzky;jednotka;hodnota;zdroj
36168165;Fakultná nemocnica AGEL Košice-Šaca a. s.;Košice;Košice I;nemocnica;lôžko;;
44444761;Fakultná nemocnica AGEL Skalica a.s.;Skalica;Skalica;nemocnica;lôžko;;
47249048;Nemocnica A. Leňa Humenné, a.s.;Humenné;Humenné;nemocnica;lôžko;;
36348015;Nemocnica AGEL Bánovce s.r.o.;Bánovce nad Bebravou;Bánovce nad Bebravou;nemocnica;lôžko;;
36339865;Nemocnica AGEL Handlová s.r.o.;Handlová;Prievidza;nemocnica;lôžko;;
36182672;Nemocnica AGEL Krompachy s.r.o.;Krompachy;Spišská Nová Ves;nemocnica;lôžko;;
36594849;Nemocnica AGEL Levoča a.s.;Levoča;Levoča;nemocnica;lôžko;;
45594929;Nemocnica AGEL Zvolen a.s.;Zvolen;Zvolen;nemocnica;lôžko;;
43956513;Nemocnica Banská Štiavnica, a.s.;Banská Štiavnica;Banská Štiavnica;nemocnica;lôžko;;
37886436;Nemocnica Dr. Vojtecha Alexandra v Kežmarku n.o.;Kežmarok;Kežmarok;nemocnica;lôžko;;
36083895;Nemocnica Piešťany n.f.;Piešťany;Piešťany;nemocnica;lôžko;;
36513458;Nemocnica Poprad, a.s.;Poprad;Poprad;nemocnica;lôžko;;
36509108;Nemocnica Snina, s.r.o.;Snina;Snina;nemocnica;lôžko;;
47236736;Nemocnica Topoľčany, a. s.;Topoľčany;Topoľčany;nemocnica;lôžko;;
47249099;Nemocnica arm. generála L. Svobodu Svidník, a.s.;Svidník;Svidník;nemocnica;lôžko;;
48220558;Nemocnica novej generácie Michalovce, a.s.;Košice - mestská časť Staré Mesto;Bratislava I;nemocnica;lôžko;;
31908969;Nemocnica s poliklinikou Brezno, n.o.;Brezno;Brezno;nemocnica;lôžko;;
44455356;Nemocnica s poliklinikou Dunajská Streda, a.s.;Dunajská Streda;Dunajská Streda;nemocnica;lôžko;;
36713091;Nemocnica s poliklinikou Hlohovec, s.r.o.;Hlohovec;Hlohovec;nemocnica;lôžko;;
36119385;Nemocnica s poliklinikou Ilava, n. o.;Ilava;Ilava;nemocnica;lôžko;;
36597350;Nemocnica s poliklinikou Spišská Nová Ves, a.s.;Spišská Nová Ves;Spišská Nová Ves;nemocnica;lôžko;;
44452519;Nemocnica s poliklinikou Sv. Lukáša Galanta, a.s.;Galanta;Galanta;nemocnica;lôžko;;
36597376;Nemocnica s poliklinikou Trebišov, a.s.;Trebišov;Trebišov;nemocnica;lôžko;;
45740020;Nemocnica s poliklinikou Trebišov, n.o.;Trebišov;Trebišov;nemocnica;lôžko;;
45737967;Nemocnica s poliklinikou n.o. Kráľovský Chlmec;Kráľovský Chlmec;Trebišov;nemocnica;lôžko;;
36597341;Nemocnica s poliklinikou sv. Barbory Rožňava, a.s.;Rožňava;Rožňava;nemocnica;lôžko;;
44927380;Nemocnica s poliklinikou Štefana Kukuru Michalovce, a.s.;Michalovce;Michalovce;nemocnica;lôžko;;
35581000;Psychiatrická nemocnica Michalovce, n. o.;Michalovce;Michalovce;nemocnica;lôžko;;
35582391;Regionálna nemocnica Sobrance, n. o.;Sobrance;Sobrance;nemocnica;lôžko;;
45999848;Svidnícka nemocnica s poliklinikou Dr. Jozefa Žáka, s.r.o.;Svidník;Svidník;nemocnica;lôžko;;
44570783;Univerzitná nemocnica - Nemocnica svätého Michala, a. s.;Bratislava;Bratislava I;nemocnica;lôžko;;
31386563;Univerzitná nemocnica AGEL Milosrdní bratia s. r. o.;Bratislava;Bratislava I;nemocnica;lôžko;;
47249021;Vranovská nemocnica, a.s.;Vranov nad Topľou;Vranov nad Topľou;nemocnica;lôžko;;
37954571;Všeobecná nemocnica s poliklinikou Lučenec n.o.;Lučenec;Lučenec;nemocnica;lôžko;;
37886851;Ľubovnianska nemocnica, n.o.;Stará Ľubovňa;Stará Ľubovňa;nemocnica;lôžko;;
36077739;Špecializovaná nemocnica pre ortopedickú protetiku Bratislava, n.o.;Bratislava - mestská časť Ružinov;Bratislava II;nemocnica;lôžko;;
37971832;Špecializovaná nemocnica sv. Svorada Zobor, n.o.;Nitra;Nitra;nemocnica;lôžko;;
52585204;Materská škola - Óvoda, Komárovská 58, Bratislava;Bratislava - mestská časť Podunajské Biskupice;Bratislava II;skola_materska;dieťa;;
52547591;Materská škola s VJM - Óvoda, Rimavská Seč 410;Rimavská Seč;Rimavská Sobota;skola_materska;dieťa;;
42187184;Materská škola, 29. augusta 64, Hronec;Hronec;Brezno;skola_materska;dieťa;;
42085438;Materská škola, Antona Prídavka 1, Prešov;Prešov;Prešov;skola_materska;dieťa;;
53200331;Materská škola, Bodvianska 4, Bratislava;Bratislava - mestská časť Vrakuňa;Bratislava II;skola_materska;dieťa;;
35559420;Materská škola, Budapeštianska 1, Košice;Košice - mestská časť Sídlisko Ťahanovce;Košice I;skola_materska;dieťa;;
36129682;Materská škola, Chmelinec 1411/6, Púchov;Púchov;Púchov;skola_materska;dieťa;;
37842129;Materská škola, Dr. Clementisa 59, Skalica;Skalica;Skalica;skola_materska;dieťa;;
37863606;Materská škola, Družstevná 22, Šaľa;Šaľa;Šaľa;skola_materska;dieťa;;
42029503;Materská škola, Dubovica 48;Dubovica;Sabinov;skola_materska;dieťa;;
37876643;Materská škola, Duk. hrdinov 2078/13, Snina;Snina;Snina;skola_materska;dieťa;;
37855735;Materská škola, Dvorany nad Nitrou 22;Dvorany nad Nitrou;Topoľčany;skola_materska;dieťa;;
31787045;Materská škola, Estónska 5207/3, Bratislava;Bratislava - mestská časť Podunajské Biskupice;Bratislava II;skola_materska;dieťa;;
37961161;Materská škola, Farská ulica 1274/2, Cabaj-Čápor;Cabaj-Čápor;Nitra;skola_materska;dieťa;;
31811523;Materská škola, Hlavná 88, Gajary;Gajary;Malacky;skola_materska;dieťa;;
35566451;Materská škola, Hlavná ulica 3, Krompachy;Krompachy;Spišská Nová Ves;skola_materska;dieťa;;
37812556;Materská škola, Horný Vadičov 515;Horný Vadičov;Kysucké Nové Mesto;skola_materska;dieťa;;
42213738;Materská škola, Klokočov 976;Klokočov;Čadca;skola_materska;dieťa;;
42447470;Materská škola, Koniarkova 9, Bratislava;Bratislava - mestská časť Vajnory;Bratislava III;skola_materska;dieťa;;
37909631;Materská škola, Korňa 720;Korňa;Čadca;skola_materska;dieťa;;
37812769;Materská škola, Kysucký Lieskovec 309;Kysucký Lieskovec;Kysucké Nové Mesto;skola_materska;dieťa;;
37842382;Materská škola, Lazová 926/5, Pata;Pata;Galanta;skola_materska;dieťa;;
37959999;Materská škola, Lhenická 34, Budča;Budča;Zvolen;skola_materska;dieťa;;
37903152;Materská škola, Lietava 368;Lietava;Žilina;skola_materska;dieťa;;
30853711;Materská škola, Linzbothova 9847/18, Bratislava;Bratislava - mestská časť Podunajské Biskupice;Bratislava II;skola_materska;dieťa;;
37990411;Materská škola, Lúčky 14, Holíč;Holíč;Skalica;skola_materska;dieťa;;
37864122;Materská škola, MDŽ 26, Šurany;Šurany;Nové Zámky;skola_materska;dieťa;;
42308763;Materská škola, Malinovského 874, Krupina;Krupina;Krupina;skola_materska;dieťa;;
36129691;Materská škola, Mládežnícka 1438/13, Púchov;Púchov;Púchov;skola_materska;dieťa;;
37841491;Materská škola, Nám. A. Hlinku 32, Cífer;Cífer;Trnava;skola_materska;dieťa;;
37961284;Materská škola, Nám. Gy. Széchényiho 3, Nové Zámky;Nové Zámky;Nové Zámky;skola_materska;dieťa;;
42303117;Materská škola, Nám. SNP 17, Detva;Detva;Detva;skola_materska;dieťa;;
37906089;Materská škola, Ochodnica 355;Ochodnica;Kysucké Nové Mesto;skola_materska;dieťa;;
37947958;Materská škola, Partizánska 22, Humenné;Humenné;Humenné;skola_materska;dieťa;;
37814036;Materská škola, Pod brehom 207, Hruštín;Hruštín;Námestovo;skola_materska;dieťa;;
36129470;Materská škola, Poľovnícka 12, Nové Mesto nad Váhom;Nové Mesto nad Váhom;Nové Mesto nad Váhom;skola_materska;dieťa;;
36130974;Materská škola, Požiarna 1292/11, Púchov;Púchov;Púchov;skola_materska;dieťa;;
53480465;Materská škola, Predmestie 832/26, Levoča;Levoča;Levoča;skola_materska;dieťa;;
37843061;Materská škola, Radošovce 13;Radošovce;Skalica;skola_materska;dieťa;;
42102201;Materská škola, Richnava 260;Richnava;Gelnica;skola_materska;dieťa;;
42324157;Materská škola, Ruskov 280;Ruskov;Košice - okolie;skola_materska;dieťa;;
37904990;Materská škola, Smrečany 117;Smrečany;Liptovský Mikuláš;skola_materska;dieťa;;
37905074;Materská škola, Stavbárska 4, Žilina;Žilina;Žilina;skola_materska;dieťa;;
37904591;Materská škola, Svrčinovec 856;Svrčinovec;Čadca;skola_materska;dieťa;;
37844016;Materská škola, Sídlisko 9. mája 322, Vrbové;Vrbové;Piešťany;skola_materska;dieťa;;
42337071;Materská škola, Sľažany 321;Sľažany;Zlaté Moravce;skola_materska;dieťa;;
51266784;Materská škola, Ul. 29. augusta 384/2A, Most pri Bratislave;Most pri Bratislave;Senec;skola_materska;dieťa;;
53480341;Materská škola, Ulica Gašpara Haina 1237/36, Levoča;Levoča;Levoča;skola_materska;dieťa;;
53480783;Materská škola, Ulica Gustáva Hermanna 225/9, Levoča;Levoča;Levoča;skola_materska;dieťa;;
53480899;Materská škola, Ulica Jána Francisciho 1674/8, Levoča;Levoča;Levoča;skola_materska;dieťa;;
52089282;Materská škola, Ulica Ľ. G. Zaoseka 247/10, Opoj;Opoj;Trnava;skola_materska;dieťa;;
37815687;Materská škola, Východná 715;Východná;Liptovský Mikuláš;skola_materska;dieťa;;
37957660;Materská škola, marš. Malinovského 1985/41, Zvolen;Zvolen;Zvolen;skola_materska;dieťa;;
37904957;Materská škola, Čajakova 4A, Žilina;Žilina;Žilina;skola_materska;dieťa;;
42228409;Materská škola, Čsl. letcov 2, Ľubotice;Ľubotice;Prešov;skola_materska;dieťa;;
36129712;Materská škola, Ľ. Štúra 5/5, Beluša;Beluša;Púchov;skola_materska;dieťa;;
37874314;Materská škola, Školská 231/2, Huncovce;Huncovce;Kežmarok;skola_materska;dieťa;;
37842323;Materská škola, Štefana Majora 1393/175, Veľké Úľany;Veľké Úľany;Galanta;skola_materska;dieťa;;
36648701;1. Súkromné Banskobystrické gymnázium s.r.o.;Banská Bystrica;Banská Bystrica;skola_stredna;žiak;;
42109191;Cirkevná spojená škola, Komenského 6, Spišské Vlachy;Spišské Vlachy;Spišská Nová Ves;skola_stredna;žiak;;
37796046;Cirkevná spojená škola, Švermova 10, Snina;Snina;Snina;skola_stredna;žiak;;
42224055;Evanjelická spojená škola, M. R. Štefánika 19, Martin;Martin;Martin;skola_stredna;žiak;;
31305288;Evanjelické gymnázium Jana Amosa Komenského;Košice;Košice I;skola_stredna;žiak;;
00160539;Gymnázium Andreja Kmeťa;Banská Štiavnica;Banská Štiavnica;skola_stredna;žiak;;
00160717;Gymnázium Antona Bernoláka;Námestovo;Námestovo;skola_stredna;žiak;;
00161268;Gymnázium Cyrila Daxnera;Vranov nad Topľou;Vranov nad Topľou;skola_stredna;žiak;;
17050227;Gymnázium Janka Jesenského;Bánovce nad Bebravou;Bánovce nad Bebravou;skola_stredna;žiak;;
00160482;Gymnázium Janka Kráľa;Zlaté Moravce;Zlaté Moravce;skola_stredna;žiak;;
00399850;Gymnázium Juraja Fándlyho;Šaľa;Šaľa;skola_stredna;žiak;;
17050111;Gymnázium Juraja Szondyho s VJM;Šahy;Levice;skola_stredna;žiak;;
00161101;Gymnázium Jána Adama Raymana;Prešov;Prešov;skola_stredna;žiak;;
00160504;Gymnázium Jána Amosa Komenského;Želiezovce;Levice;skola_stredna;žiak;;
36092479;Gymnázium Jána Baltazára Magina;Vrbové;Piešťany;skola_stredna;žiak;;
17050197;Gymnázium Karola Štúra;Modra;Pezinok;skola_stredna;žiak;;
00598071;Gymnázium Košice;Košice;Košice I;skola_stredna;žiak;;
00161021;Gymnázium Krompachy;Krompachy;Spišská Nová Ves;skola_stredna;žiak;;
00160270;Gymnázium M. R. Štefánika;Nové Mesto nad Váhom;Nové Mesto nad Váhom;skola_stredna;žiak;;
17151341;Gymnázium Michalovce;Michalovce;Michalovce;skola_stredna;žiak;;
00596680;Gymnázium Myjava;Myjava;Myjava;skola_stredna;žiak;;
00161144;Gymnázium Pavla Jozefa Šafárika;Rožňava;Rožňava;skola_stredna;žiak;;
00161098;Gymnázium Poprad;Poprad;Poprad;skola_stredna;žiak;;
00161110;Gymnázium Prešov;Prešov;Prešov;skola_stredna;žiak;;
00160792;Gymnázium Ružomberok;Ružomberok;Ružomberok;skola_stredna;žiak;;
35560321;Gymnázium sv. Edity Steinovej;Košice;Košice I;skola_stredna;žiak;;
00160865;Gymnázium Ľudovíta Štúra;Zvolen;Zvolen;skola_stredna;žiak;;
37958470;Katolícka spojená škola sv. Františka Assiského, Banská Štiavnica;Banská Štiavnica;Banská Štiavnica;skola_stredna;žiak;;
51206790;Kežmarské Gymnázium P. O. Hviezdoslava;Kežmarok;Kežmarok;skola_stredna;žiak;;
42319234;Premonštrátske gymnázium;Košice;Košice I;skola_stredna;žiak;;
42035261;Spojená škola Juraja Henischa, Slovenská 5, Bardejov;Bardejov;Bardejov;skola_stredna;žiak;;
42090598;Spojená škola Jána Vojtaššáka internátna, Levoča;Levoča;Levoča;skola_stredna;žiak;;
37909533;Spojená škola Kráľovnej pokoja, Na Závaží 2, Žilina;Žilina;Žilina;skola_stredna;žiak;;
42278236;Spojená škola Nitrianske Pravno;Nitrianske Pravno;Prievidza;skola_stredna;žiak;;
53200284;Spojená škola bl. biskupa Gojdiča, Bernolákova 21, Prešov;Prešov;Prešov;skola_stredna;žiak;;
42258120;Spojená škola de La Salle, Čachtická 14, Bratislava;Bratislava - mestská časť Rača;Bratislava III;skola_stredna;žiak;;
42089824;Spojená škola internátna, Levočská 24, Stará Ľubovňa;Stará Ľubovňa;Stará Ľubovňa;skola_stredna;žiak;;
42176182;Spojená škola sv. Františka z Assisi, Karloveská 32, Bratislava;Bratislava - mestská časť Karlova Ves;Bratislava IV;skola_stredna;žiak;;
30223423;Spojená škola sv. Jozefa, Jašíkova 219, Turzovka;Turzovka;Čadca;skola_stredna;žiak;;
37942743;Spojená škola sv. Jána Pavla II., Dlhé hony 3522/2, Poprad;Poprad;Poprad;skola_stredna;žiak;;
51906228;Spojená škola sv. Klementa Hofbauera internátna, Podolínec;Podolínec;Stará Ľubovňa;skola_stredna;žiak;;
52800318;Spojená škola, Dukelská 26/30, Giraltovce;Giraltovce;Svidník;skola_stredna;žiak;;
42243378;Spojená škola, J. A. Komenského 5, Rožňava;Rožňava;Rožňava;skola_stredna;žiak;;
53265301;Spojená škola, Jarmočná 108, Stará Ľubovňa;Stará Ľubovňa;Stará Ľubovňa;skola_stredna;žiak;;
35630043;Spojená škola, Jatočná 4, Skalica;Skalica;Skalica;skola_stredna;žiak;;
53242599;Spojená škola, Jána Bottu 31, Trnava;Trnava;Trnava;skola_stredna;žiak;;
37876899;Spojená škola, Letná ulica 3453/34, Poprad;Poprad;Poprad;skola_stredna;žiak;;
53242726;Spojená škola, Ostredková 10, Bratislava;Bratislava - mestská časť Ružinov;Bratislava II;skola_stredna;žiak;;
53242742;Spojená škola, Pankúchova 6, Bratislava;Bratislava - mestská časť Petržalka;Bratislava V;skola_stredna;žiak;;
36094234;Spojená škola, Školská 1087, Sládkovičovo;Sládkovičovo;Galanta;skola_stredna;žiak;;
35630027;Spojená škola, Školská 212, Sládkovičovo;Sládkovičovo;Galanta;skola_stredna;žiak;;
52206416;Stredná odborná škola Edith Steinovej, s.r.o.;Nové Mesto nad Váhom;Nové Mesto nad Váhom;skola_stredna;žiak;;
00159468;Stredná odborná škola agropotravinárska a technická;Kežmarok;Kežmarok;skola_stredna;žiak;;
00651117;Stredná odborná škola dopravná, Rosinská 3126/2, Žilina;Žilina;Žilina;skola_stredna;žiak;;
17078482;Stredná odborná škola gastronómie a služieb, Prešov;Prešov;Prešov;skola_stredna;žiak;;
00893331;Stredná odborná škola informačných technológií, Ostrovského 1, Košice;Košice - mestská časť Juh;Košice IV;skola_stredna;žiak;;
17053871;Stredná odborná škola kaderníctva a vizážistiky;Bratislava - mestská časť Ružinov;Bratislava II;skola_stredna;žiak;;
00617750;Stredná odborná škola obchodu a služieb, Mierová 1973/79, Humenné;Humenné;Humenné;skola_stredna;žiak;;
00617652;Stredná odborná škola obchodu a služieb, Rožňavská Baňa 211, Rožňava;Rožňava;Rožňava;skola_stredna;žiak;;
35564024;Stredná odborná škola pedagogická sv. Cyrila a Metoda;Košice - mestská časť Juh;Košice IV;skola_stredna;žiak;;
00614866;Stredná odborná škola pedagogická sv. Márie Goretti;Čadca;Čadca;skola_stredna;žiak;;
00162833;Stredná odborná škola pedagogická, Bottova 15A, Levoča;Levoča;Levoča;skola_stredna;žiak;;
00162825;Stredná odborná škola pedagogická, Kmeťovo stromoradie 5, Prešov;Prešov;Prešov;skola_stredna;žiak;;
00162809;Stredná odborná škola pedagogická, Komenského 12, Lučenec;Lučenec;Lučenec;skola_stredna;žiak;;
00162817;Stredná odborná škola pedagogická, SNP 509/116, Turčianske Teplice;Turčianske Teplice;Turčianske Teplice;skola_stredna;žiak;;
00162787;Stredná odborná škola pedagogická, Sokolská 6, Modra;Modra;Pezinok;skola_stredna;žiak;;
17053846;Stredná odborná škola podnikania a služieb, Hattalova 968/33, Námestovo;Námestovo;Námestovo;skola_stredna;žiak;;
00159476;Stredná odborná škola podnikania a služieb, Komenského 16, Lipany;Lipany;Sabinov;skola_stredna;žiak;;
00351997;Stredná odborná škola podnikania v remeslách a službách;Senica;Senica;skola_stredna;žiak;;
37947541;Stredná odborná škola polytechnická Jána Antonína Baťu, Svit;Svit;Poprad;skola_stredna;žiak;;
00893692;Stredná odborná škola polytechnická a služieb arm. gen. L. Svobodu;Svidník;Svidník;skola_stredna;žiak;;
00159514;Stredná odborná škola služieb Majstra Pavla;Levoča;Levoča;skola_stredna;žiak;;
37880080;Stredná odborná škola služieb, Košická 20, Prešov;Prešov;Prešov;skola_stredna;žiak;;
42026393;Stredná odborná škola technická, Bratislavská 439/18, Dubnica nad Váhom;Dubnica nad Váhom;Ilava;skola_stredna;žiak;;
37942484;Stredná odborná škola technická, Družstevná 1474/19, Humenné;Humenné;Humenné;skola_stredna;žiak;;
00596868;Stredná odborná škola techniky a služieb, Cintorínska 4, Nitra;Nitra;Nitra;skola_stredna;žiak;;
00893315;Stredná odborná škola techniky a služieb, Pod amfiteátrom 7, Levice;Levice;Levice;skola_stredna;žiak;;
00399388;Stredná odborná škola techniky a služieb, Šahy;Šahy;Levice;skola_stredna;žiak;;
31897959;Súkromná Spojená škola EDUCO, Námestovo;Námestovo;Námestovo;skola_stredna;žiak;;
42102553;Súkromná spojená škola EDURAM, Krompachy;Krompachy;Spišská Nová Ves;skola_stredna;žiak;;
53200349;Súkromná spojená škola Quality Schools International, Šamorín;Šamorín;Dunajská Streda;skola_stredna;žiak;;
53200268;Súkromná spojená škola francúzsko-slovenská, Bratislava;Bratislava - mestská časť Petržalka;Bratislava V;skola_stredna;žiak;;
53255500;Súkromná spojená škola, Klokočov 90;Klokočov;Čadca;skola_stredna;žiak;;
42280885;Súkromná spojená škola, M. Falešníka 6, Prievidza;Prievidza;Prievidza;skola_stredna;žiak;;
36137430;Súkromná stredná odborná škola Pro scholaris;Žilina;Žilina;skola_stredna;žiak;;
11882115;Súkromná stredná odborná škola obchodu a služieb s VJM;Mostová;Galanta;skola_stredna;žiak;;
42422132;Súkromná stredná odborná škola pedagogická EBG;Humenné;Humenné;skola_stredna;žiak;;
30868645;Súkromná stredná odborná škola pedagogická a sociálna;Bratislava - mestská časť Karlova Ves;Bratislava IV;skola_stredna;žiak;;
42114985;Súkromná stredná odborná škola polytechnická DSA;Nitra;Nitra;skola_stredna;žiak;;
47365773;Súkromná stredná odborná škola s.r.o.;Oravský Podzámok;Dolný Kubín;skola_stredna;žiak;;
00686981;Súkromná stredná odborná škola služieb, Hviezdoslavova 11, Bardejov;Bardejov;Bardejov;skola_stredna;žiak;;
42011701;Súkromné gymnázium Banskobystrické;Banská Bystrica;Banská Bystrica;skola_stredna;žiak;;
37939076;Súkromné gymnázium DSA;Bardejov;Bardejov;skola_stredna;žiak;;
30797969;Súkromné gymnázium ESPRIT;Bratislava;Bratislava I;skola_stredna;žiak;;
42152411;Súkromné gymnázium FUTURUM;Trenčín;Trenčín;skola_stredna;žiak;;
45024006;Súkromné gymnázium Kremnica;Kremnica;Žiar nad Hronom;skola_stredna;žiak;;
36063959;Základná škola Albína Brunovského, Obchodná ulica 7, Zohor;Zohor;Malacky;skola_zakladna;žiak;;
37811711;Základná škola Alexandra Dubčeka, Družstevná 11, Martin;Martin;Martin;skola_zakladna;žiak;;
35543752;Základná škola Eugena Ruffinyho, Zimná 190/144, Dobšiná;Dobšiná;Rožňava;skola_zakladna;žiak;;
35995904;Základná škola Jana Amosa Komenského, Komenského 652/50, Púchov;Púchov;Púchov;skola_zakladna;žiak;;
37810421;Základná škola Janka Kráľa, Žiarska 679/13, Liptovský Mikuláš;Liptovský Mikuláš;Liptovský Mikuláš;skola_zakladna;žiak;;
37828851;Základná škola Lajosa Mocsáryho s VJM, Farská lúka 64/B, Fiľakovo;Fiľakovo;Lučenec;skola_zakladna;žiak;;
35991593;Základná škola M. R. Štefánika, Haličská cesta 1191/8, Lučenec;Lučenec;Lučenec;skola_zakladna;žiak;;
35541148;Základná škola Mihálya Helmeczyho s VJM, Hunyadiho 1256/16, Kráľovský Chlmec;Kráľovský Chlmec;Trebišov;skola_zakladna;žiak;;
37810472;Základná škola Miloša Janošku, Ul. čs. brigády 4, Liptovský Mikuláš;Liptovský Mikuláš;Liptovský Mikuláš;skola_zakladna;žiak;;
37836374;Základná škola s VJM - Alapiskola, Rohovce 106;Rohovce;Dunajská Streda;skola_zakladna;žiak;;
37836714;Základná škola s materskou školou Istvána Széchenyiho s VJM, Hlavná 299, Horné Saliby;Horné Saliby;Galanta;skola_zakladna;žiak;;
37863894;Základná škola s materskou školou Juraja Holčeka, Dolný Ohaj;Dolný Ohaj;Nové Zámky;skola_zakladna;žiak;;
37833472;Základná škola s materskou školou Juraja Slávika Neresnického, Dobrá Niva;Dobrá Niva;Zvolen;skola_zakladna;žiak;;
37851888;Základná škola s materskou školou Józsefa Bódisa s VJM, Čenkovce 95;Čenkovce;Dunajská Streda;skola_zakladna;žiak;;
36094218;Základná škola s materskou školou Sándora Petőfiho s VJM, Richterova 1171, Sládkovičovo;Sládkovičovo;Galanta;skola_zakladna;žiak;;
36125938;Základná škola s materskou školou Václava Mitúcha, Školská 368/2, Horné Srnie;Horné Srnie;Trenčín;skola_zakladna;žiak;;
17070503;Základná škola s materskou školou pri zdravotníckom zariadení, Bardejovské kúpele 13;Bardejov;Bardejov;skola_zakladna;žiak;;
37840576;Základná škola s materskou školou s VJM, Mostová 210;Mostová;Galanta;skola_zakladna;žiak;;
36090361;Základná škola s materskou školou s VJM, Tomášikovo 4;Tomášikovo;Galanta;skola_zakladna;žiak;;
31748198;Základná škola s materskou školou s VJM, Vetvárska 7, Bratislava;Bratislava - mestská časť Podunajské Biskupice;Bratislava II;skola_zakladna;žiak;;
31810543;Základná škola s materskou školou, Budmerice 430;Budmerice;Pezinok;skola_zakladna;žiak;;
37866672;Základná škola s materskou školou, Dolný Jatov 189;Jatov;Nové Zámky;skola_zakladna;žiak;;
37990357;Základná škola s materskou školou, Kornela Mahra 11, Trnava;Trnava;Trnava;skola_zakladna;žiak;;
37831291;Základná škola s materskou školou, Krivec 1355, Hriňová;Hriňová;Detva;skola_zakladna;žiak;;
31810268;Základná škola s materskou školou, Kuchyňa 551;Kuchyňa;Malacky;skola_zakladna;žiak;;
37836781;Základná škola s materskou školou, Na výhone 188/16, Moravany nad Váhom;Moravany nad Váhom;Piešťany;skola_zakladna;žiak;;
36090212;Základná škola s materskou školou, Osloboditeľov 9, Červeník;Červeník;Hlohovec;skola_zakladna;žiak;;
30866065;Základná škola s materskou školou, Pernek 285;Pernek;Malacky;skola_zakladna;žiak;;
37874004;Základná škola s materskou školou, Pod papierňou 16A, Bardejov;Bardejov;Bardejov;skola_zakladna;žiak;;
37811894;Základná škola s materskou školou, Podhájska 10A, Martin;Martin;Martin;skola_zakladna;žiak;;
37812009;Základná škola s materskou školou, Priehradná 11, Martin;Martin;Martin;skola_zakladna;žiak;;
36125784;Základná škola s materskou školou, Slovanská 330/23, Púchov;Púchov;Púchov;skola_zakladna;žiak;;
37883658;Základná škola s materskou školou, Smilno 205;Smilno;Bardejov;skola_zakladna;žiak;;
37840657;Základná škola s materskou školou, Smolinské 407;Smolinské;Senica;skola_zakladna;žiak;;
37874217;Základná škola s materskou školou, Spišské Hanušovce 66;Spišské Hanušovce;Kežmarok;skola_zakladna;žiak;;
37810481;Základná škola s materskou školou, Starojánska 11/11, Liptovský Ján;Liptovský Ján;Liptovský Mikuláš;skola_zakladna;žiak;;
31816924;Základná škola s materskou školou, Studienka 222;Studienka;Malacky;skola_zakladna;žiak;;
37840631;Základná škola s materskou školou, Veľký Grob 382;Veľký Grob;Galanta;skola_zakladna;žiak;;
31817025;Základná škola s materskou školou, Vištuk 44;Vištuk;Pezinok;skola_zakladna;žiak;;
53459148;Základná škola s materskou školou, Školská 252, Beladice;Beladice;Zlaté Moravce;skola_zakladna;žiak;;
50005723;Základná škola s materskou školou, Školská 301/16, Turňa nad Bodvou;Turňa nad Bodvou;Košice - okolie;skola_zakladna;žiak;;
37876457;Základná škola s materskou školou, Školská 42/22, Vikartovce;Vikartovce;Poprad;skola_zakladna;žiak;;
31780741;Základná škola, Bieloruská 1, Bratislava;Bratislava - mestská časť Podunajské Biskupice;Bratislava II;skola_zakladna;žiak;;
31748201;Základná škola, Biskupická 21, Bratislava;Bratislava - mestská časť Podunajské Biskupice;Bratislava II;skola_zakladna;žiak;;
53420471;Základná škola, Hlavná ulica 81/42, Miloslavov;Miloslavov;Senec;skola_zakladna;žiak;;
35546484;Základná škola, Mníšek nad Hnilcom 497;Mníšek nad Hnilcom;Gelnica;skola_zakladna;žiak;;
37811860;Základná škola, Nade Hejnej 4, Martin;Martin;Martin;skola_zakladna;žiak;;
37811924;Základná škola, P. Mudroňa 3, Martin;Martin;Martin;skola_zakladna;žiak;;
35543647;Základná škola, Pionierov 1, Rožňava;Rožňava;Rožňava;skola_zakladna;žiak;;
31810276;Základná škola, Plavecký Štvrtok 351;Plavecký Štvrtok;Malacky;skola_zakladna;žiak;;
31745041;Základná škola, Podzáhradná 51, Bratislava;Bratislava - mestská časť Podunajské Biskupice;Bratislava II;skola_zakladna;žiak;;
35564113;Základná škola, SNP 13, Spišské Vlachy;Spišské Vlachy;Spišská Nová Ves;skola_zakladna;žiak;;
37838521;Základná škola, Sasinkova 530/2, Kopčany;Kopčany;Michalovce;skola_zakladna;žiak;;
37840592;Základná škola, Vinohrady nad Váhom 347;Vinohrady nad Váhom;Galanta;skola_zakladna;žiak;;
37874021;Základná škola, Wolkerova 10, Bardejov;Bardejov;Bardejov;skola_zakladna;žiak;;
35546069;Základná škola, Z. Nejedlého 2, Spišská Nová Ves;Spišská Nová Ves;Spišská Nová Ves;skola_zakladna;žiak;;
31754929;Základná škola, Černyševského 8, Bratislava;Bratislava - mestská časť Petržalka;Bratislava V;skola_zakladna;žiak;;
35541253;Základná škola, Školská 339/2, Michaľany;Michaľany;Trebišov;skola_zakladna;žiak;;
36158950;Základná škola, Školská 7/6, Toporec;Toporec;Kežmarok;skola_zakladna;žiak;;
31810292;Základná škola, Školská ulica 7/19, Sološnica;Sološnica;Malacky;skola_zakladna;žiak;;
35540915;Špeciálna základná škola, Hviezdoslavova 164, Hrabušice;Hrabušice;Spišská Nová Ves;skola_zakladna;žiak;;
35984457;Špeciálna základná škola, Za parkom 966, Veľký Krtíš;Veľký Krtíš;Veľký Krtíš;skola_zakladna;žiak;;
37950410;Cirkevná školská jedáleň, Daxnerova ul. 42, Rimavská Sobota;Rimavská Sobota;Rimavská Sobota;skolska_jedalen;stravník;;
54909082;Súkromná výdajná školská jedáleň Libellus, Bratislava;Bratislava - mestská časť Lamač;Bratislava IV;skolska_jedalen;stravník;;
57802262;Súkromná výdajná školská jedáleň, Dúbravská cesta 11, Bratislava;Bratislava - mestská časť Dúbravka;Michalovce;skolska_jedalen;stravník;;
57769621;Súkromná výdajná školská jedáleň, Rastislavova 332, Nováky;Nováky;Prievidza;skolska_jedalen;stravník;;
56660740;Súkromná školská jedáleň KSPV, Jesenná 18, Prešov;Prešov;Prešov;skolska_jedalen;stravník;;
53800818;Súkromná školská jedáleň VČ s. r. o.;Bratislava - mestská časť Jarovce;Bratislava I;skolska_jedalen;stravník;;
57767394;Súkromná školská jedáleň Zdravý projekt, Pekníkova 6, Bratislava;Bratislava - mestská časť Dúbravka;Michalovce;skolska_jedalen;stravník;;
53390920;Súkromná školská jedáleň, 17. novembra 3723/13, Prešov;Prešov;Prešov;skolska_jedalen;stravník;;
57675112;Súkromná školská jedáleň, Bernolákova 21, Prešov;Prešov;Prešov;skolska_jedalen;stravník;;
57767581;Súkromná školská jedáleň, Bilíková 24, Bratislava;Bratislava - mestská časť Dúbravka;Michalovce;skolska_jedalen;stravník;;
42293570;Súkromná školská jedáleň, Mostová 53;Mostová;Galanta;skolska_jedalen;stravník;;
42251001;Súkromná školská jedáleň, Užhorodská 39, Košice;Košice - mestská časť Juh;Košice IV;skolska_jedalen;stravník;;
42228760;Súkromná školská jedáleň, Volgogradská 3, Prešov;Prešov;Prešov;skolska_jedalen;stravník;;
37886908;Súkromná školská jedáleň, n. o. Prešov;Prešov;Prešov;skolska_jedalen;stravník;;
30847656;Školská jedáleň pri 1. súkromnom gymnáziu, Bajkalská 20, Bratislava;Bratislava - mestská časť Ružinov;Bratislava II;skolska_jedalen;stravník;;
57114838;Školská jedáleň – Mavi s. r. o.;Viničné;Pezinok;skolska_jedalen;stravník;;
37861077;Školská jedáleň, Adyho 4, Štúrovo;Štúrovo;Nové Zámky;skolska_jedalen;stravník;;
35542772;Školská jedáleň, Bernolákova 16, Košice;Košice - mestská časť Západ;Košice II;skolska_jedalen;stravník;;
54007097;Školská jedáleň, Bernolákova ulica 1061, Vranov nad Topľou;Vranov nad Topľou;Vranov nad Topľou;skolska_jedalen;stravník;;
56034831;Školská jedáleň, Hlavná 789, Dolný Štál;Dolný Štál;Dunajská Streda;skolska_jedalen;stravník;;
54006996;Školská jedáleň, Juh 1054, Vranov nad Topľou;Vranov nad Topľou;Vranov nad Topľou;skolska_jedalen;stravník;;
42330238;Školská jedáleň, Juhoslovanská 2, Košice;Košice - mestská časť Sídlisko Ťahanovce;Košice I;skolska_jedalen;stravník;;
35542756;Školská jedáleň, Kežmarská 28, Košice;Košice - mestská časť Západ;Košice II;skolska_jedalen;stravník;;
35545674;Školská jedáleň, Komenského 12, Sobrance;Sobrance;Sobrance;skolska_jedalen;stravník;;
35545666;Školská jedáleň, Komenského 6, Sobrance;Sobrance;Sobrance;skolska_jedalen;stravník;;
54645298;Školská jedáleň, Kysucká 14, Senec;Senec;Senec;skolska_jedalen;stravník;;
54006937;Školská jedáleň, Lúčna 827/26, Vranov nad Topľou;Vranov nad Topľou;Vranov nad Topľou;skolska_jedalen;stravník;;
37812416;Školská jedáleň, M. R. Štefánika 1, Vrútky;Vrútky;Martin;skolska_jedalen;stravník;;
51278308;Školská jedáleň, Námestie A. Hlinku 31, Cífer;Cífer;Trnava;skolska_jedalen;stravník;;
42302188;Školská jedáleň, SNP 1026, Kalinovo;Kalinovo;Poltár;skolska_jedalen;stravník;;
54006805;Školská jedáleň, Sídlisko II 1336, Vranov nad Topľou;Vranov nad Topľou;Vranov nad Topľou;skolska_jedalen;stravník;;
35542764;Školská jedáleň, Trebišovská 10, Košice;Košice - mestská časť Západ;Košice II;skolska_jedalen;stravník;;
31817033;Školská jedáleň, Školská 257, Dunajská Lužná;Dunajská Lužná;Senec;skolska_jedalen;stravník;;
50645935;Školská jedáleň, Školská 491/18A, Teplička nad Váhom;Teplička nad Váhom;Žilina;skolska_jedalen;stravník;;
37847481;Školská jedáleň, Štefana Majora 1444/83, Veľké Úľany;Veľké Úľany;Galanta;skolska_jedalen;stravník;;
