id,producent_id,hodnota,jednotka,uroven,zdroj,poznamka
1,2,299.0,žiak,typova,"CVTI SR, Vývojové tendencie 2022: (72 776 + 121 470) žiakov / (233 gymnázií + 416 SOŠ) (2021/22)",Aritmetický priemer gymnázií a SOŠ.
2,3,299.0,žiak,typova,"CVTI SR, Vývojové tendencie 2022: (72 776 + 121 470) žiakov / (233 gymnázií + 416 SOŠ) (2021/22)",Aritmetický priemer gymnázií a SOŠ.
3,4,299.0,žiak,typova,"CVTI SR, Vývojové tendencie 2022: (72 776 + 121 470) žiakov / (233 gymnázií + 416 SOŠ) (2021/22)",Aritmetický priemer gymnázií a SOŠ.
4,5,299.0,žiak,typova,"CVTI SR, Vývojové tendencie 2022: (72 776 + 121 470) žiakov / (233 gymnázií + 416 SOŠ) (2021/22)",Aritmetický priemer gymnázií a SOŠ.
5,6,299.0,žiak,typova,"CVTI SR, Vývojové tendencie 2022: (72 776 + 121 470) žiakov / (233 gymnázií + 416 SOŠ) (2021/22)",Aritmetický priemer gymnázií a SOŠ.
6,7,299.0,žiak,typova,"CVTI SR, Vývojové tendencie 2022: (72 776 + 121 470) žiakov / (233 gymnázií + 416 SOŠ) (2021/22)",Aritmetický priemer gymnázií a SOŠ.
7,8,299.0,žiak,typova,"CVTI SR, Vývojové tendencie 2022: (72 776 + 121 470) žiakov / (233 gymnázií + 416 SOŠ) (2021/22)",Aritmetický priemer gymnázií a SOŠ.
8,9,299.0,žiak,typova,"CVTI SR, Vývojové tendencie 2022: (72 776 + 121 470) žiakov / (233 gymnázií + 416 SOŠ) (2021/22)",Aritmetický priemer gymnázií a SOŠ.
9,10,299.0,žiak,typova,"CVTI SR, Vývojové tendencie 2022: (72 776 + 121 470) žiakov / (233 gymnázií + 416 SOŠ) (2021/22)",Aritmetický priemer gymnázií a SOŠ.
10,11,299.0,žiak,typova,"CVTI SR, Vývojové tendencie 2022: (72 776 + 121 470) žiakov / (233 gymnázií + 416 SOŠ) (2021/22)",Aritmetický priemer gymnázií a SOŠ.
11,12,299.0,žiak,typova,"CVTI SR, Vývojové tendencie 2022: (72 776 + 121 470) žiakov / (233 gymnázií + 416 SOŠ) (2021/22)",Aritmetický priemer gymnázií a SOŠ.
12,13,299.0,žiak,typova,"CVTI SR, Vývojové tendencie 2022: (72 776 + 121 470) žiakov / (233 gymnázií + 416 SOŠ) (2021/22)",Aritmetický priemer gymnázií a SOŠ.
13,14,299.0,žiak,typova,"CVTI SR, Vývojové tendencie 2022: (72 776 + 121 470) žiakov / (233 gymnázií + 416 SOŠ) (2021/22)",Aritmetický priemer gymnázií a SOŠ.
14,15,299.0,žiak,typova,"CVTI SR, Vývojové tendencie 2022: (72 776 + 121 470) žiakov / (233 gymnázií + 416 SOŠ) (2021/22)",Aritmetický priemer gymnázií a SOŠ.
15,16,299.0,žiak,typova,"CVTI SR, Vývojové tendencie 2022: (72 776 + 121 470) žiakov / (233 gymnázií + 416 SOŠ) (2021/22)",Aritmetický priemer gymnázií a SOŠ.
16,17,299.0,žiak,typova,"CVTI SR, Vývojové tendencie 2022: (72 776 + 121 470) žiakov / (233 gymnázií + 416 SOŠ) (2021/22)",Aritmetický priemer gymnázií a SOŠ.
17,18,299.0,žiak,typova,"CVTI SR, Vývojové tendencie 2022: (72 776 + 121 470) žiakov / (233 gymnázií + 416 SOŠ) (2021/22)",Aritmetický priemer gymnázií a SOŠ.
18,19,299.0,žiak,typova,"CVTI SR, Vývojové tendencie 2022: (72 776 + 121 470) žiakov / (233 gymnázií + 416 SOŠ) (2021/22)",Aritmetický priemer gymnázií a SOŠ.
19,20,299.0,žiak,typova,"CVTI SR, Vývojové tendencie 2022: (72 776 + 121 470) žiakov / (233 gymnázií + 416 SOŠ) (2021/22)",Aritmetický priemer gymnázií a SOŠ.
20,21,299.0,žiak,typova,"CVTI SR, Vývojové tendencie 2022: (72 776 + 121 470) žiakov / (233 gymnázií + 416 SOŠ) (2021/22)",Aritmetický priemer gymnázií a SOŠ.
21,22,299.0,žiak,typova,"CVTI SR, Vývojové tendencie 2022: (72 776 + 121 470) žiakov / (233 gymnázií + 416 SOŠ) (2021/22)",Aritmetický priemer gymnázií a SOŠ.
22,92,299.0,žiak,typova,"CVTI SR, Vývojové tendencie 2022: (72 776 + 121 470) žiakov / (233 gymnázií + 416 SOŠ) (2021/22)",Aritmetický priemer gymnázií a SOŠ.
23,102,299.0,žiak,typova,"CVTI SR, Vývojové tendencie 2022: (72 776 + 121 470) žiakov / (233 gymnázií + 416 SOŠ) (2021/22)",Aritmetický priemer gymnázií a SOŠ.
24,103,299.0,žiak,typova,"CVTI SR, Vývojové tendencie 2022: (72 776 + 121 470) žiakov / (233 gymnázií + 416 SOŠ) (2021/22)",Aritmetický priemer gymnázií a SOŠ.
25,119,299.0,žiak,typova,"CVTI SR, Vývojové tendencie 2022: (72 776 + 121 470) žiakov / (233 gymnázií + 416 SOŠ) (2021/22)",Aritmetický priemer gymnázií a SOŠ.
26,123,299.0,žiak,typova,"CVTI SR, Vývojové tendencie 2022: (72 776 + 121 470) žiakov / (233 gymnázií + 416 SOŠ) (2021/22)",Aritmetický priemer gymnázií a SOŠ.
27,125,299.0,žiak,typova,"CVTI SR, Vývojové tendencie 2022: (72 776 + 121 470) žiakov / (233 gymnázií + 416 SOŠ) (2021/22)",Aritmetický priemer gymnázií a SOŠ.
28,129,299.0,žiak,typova,"CVTI SR, Vývojové tendencie 2022: (72 776 + 121 470) žiakov / (233 gymnázií + 416 SOŠ) (2021/22)",Aritmetický priemer gymnázií a SOŠ.
29,130,299.0,žiak,typova,"CVTI SR, Vývojové tendencie 2022: (72 776 + 121 470) žiakov / (233 gymnázií + 416 SOŠ) (2021/22)",Aritmetický priemer gymnázií a SOŠ.
30,131,299.0,žiak,typova,"CVTI SR, Vývojové tendencie 2022: (72 776 + 121 470) žiakov / (233 gymnázií + 416 SOŠ) (2021/22)",Aritmetický priemer gymnázií a SOŠ.
31,153,299.0,žiak,typova,"CVTI SR, Vývojové tendencie 2022: (72 776 + 121 470) žiakov / (233 gymnázií + 416 SOŠ) (2021/22)",Aritmetický priemer gymnázií a SOŠ.
32,165,299.0,žiak,typova,"CVTI SR, Vývojové tendencie 2022: (72 776 + 121 470) žiakov / (233 gymnázií + 416 SOŠ) (2021/22)",Aritmetický priemer gymnázií a SOŠ.
33,172,299.0,žiak,typova,"CVTI SR, Vývojové tendencie 2022: (72 776 + 121 470) žiakov / (233 gymnázií + 416 SOŠ) (2021/22)",Aritmetický priemer gymnázií a SOŠ.
34,173,299.0,žiak,typova,"CVTI SR, Vývojové tendencie 2022: (72 776 + 121 470) žiakov / (233 gymnázií + 416 SOŠ) (2021/22)",Aritmetický priemer gymnázií a SOŠ.
35,174,299.0,žiak,typova,"CVTI SR, Vývojové tendencie 2022: (72 776 + 121 470) žiakov / (233 gymnázií + 416 SOŠ) (2021/22)",Aritmetický priemer gymnázií a SOŠ.
36,175,299.0,žiak,typova,"CVTI SR, Vývojové tendencie 2022: (72 776 + 121 470) žiakov / (233 gymnázií + 416 SOŠ) (2021/22)",Aritmetický priemer gymnázií a SOŠ.
37,179,299.0,žiak,typova,"CVTI SR, Vývojové tendencie 2022: (72 776 + 121 470) žiakov / (233 gymnázií + 416 SOŠ) (2021/22)",Aritmetický priemer gymnázií a SOŠ.
38,180,299.0,žiak,typova,"CVTI SR, Vývojové tendencie 2022: (72 776 + 121 470) žiakov / (233 gymnázií + 416 SOŠ) (2021/22)",Aritmetický priemer gymnázií a SOŠ.
39,181,299.0,žiak,typova,"CVTI SR, Vývojové tendencie 2022: (72 776 + 121 470) žiakov / (233 gymnázií + 416 SOŠ) (2021/22)",Aritmetický priemer gymnázií a SOŠ.
40,182,299.0,žiak,typova,"CVTI SR, Vývojové tendencie 2022: (72 776 + 121 470) žiakov / (233 gymnázií + 416 SOŠ) (2021/22)",Aritmetický priemer gymnázií a SOŠ.
41,183,299.0,žiak,typova,"CVTI SR, Vývojové tendencie 2022: (72 776 + 121 470) žiakov / (233 gymnázií + 416 SOŠ) (2021/22)",Aritmetický priemer gymnázií a SOŠ.
42,187,226.0,žiak,typova,"CVTI SR, Vývojové tendencie 2022: 468 540 žiakov / 2 070 ZŠ (2021/22)","Aritmetický priemer; malotriedky majú desiatky, sídliskové ZŠ vyše 800 žiakov."
43,189,299.0,žiak,typova,"CVTI SR, Vývojové tendencie 2022: (72 776 + 121 470) žiakov / (233 gymnázií + 416 SOŠ) (2021/22)",Aritmetický priemer gymnázií a SOŠ.
44,192,299.0,žiak,typova,"CVTI SR, Vývojové tendencie 2022: (72 776 + 121 470) žiakov / (233 gymnázií + 416 SOŠ) (2021/22)",Aritmetický priemer gymnázií a SOŠ.
45,207,299.0,žiak,typova,"CVTI SR, Vývojové tendencie 2022: (72 776 + 121 470) žiakov / (233 gymnázií + 416 SOŠ) (2021/22)",Aritmetický priemer gymnázií a SOŠ.
46,215,299.0,žiak,typova,"CVTI SR, Vývojové tendencie 2022: (72 776 + 121 470) žiakov / (233 gymnázií + 416 SOŠ) (2021/22)",Aritmetický priemer gymnázií a SOŠ.
47,218,226.0,stravník,typova,Odvodené z typovej kapacity ZŠ (CVTI SR 2021/22),Samostatne zapísaná školská jedáleň spravidla obsluhuje jednu ZŠ.
48,219,56.0,dieťa,typova,"CVTI SR, Vývojové tendencie 2022: 173 170 detí / 3 102 MŠ (2021/22)",Aritmetický priemer na zariadenie; skutočné MŠ sa pohybujú od 20 do 250 detí.
49,220,226.0,žiak,typova,"CVTI SR, Vývojové tendencie 2022: 468 540 žiakov / 2 070 ZŠ (2021/22)","Aritmetický priemer; malotriedky majú desiatky, sídliskové ZŠ vyše 800 žiakov."
50,221,299.0,žiak,typova,"CVTI SR, Vývojové tendencie 2022: (72 776 + 121 470) žiakov / (233 gymnázií + 416 SOŠ) (2021/22)",Aritmetický priemer gymnázií a SOŠ.
51,230,299.0,žiak,typova,"CVTI SR, Vývojové tendencie 2022: (72 776 + 121 470) žiakov / (233 gymnázií + 416 SOŠ) (2021/22)",Aritmetický priemer gymnázií a SOŠ.
52,233,349.0,lôžko,typova,"Eurostat hlth_rs_bds: 31 422 postelí (2019) / 90 nemocníc (MF SR, Revízia výdavkov na nemocnice 2025)","Priemer na nemocnicu; fakultné nemocnice majú vyše 1 000 postelí, malé pod 100."
53,294,226.0,žiak,typova,"CVTI SR, Vývojové tendencie 2022: 468 540 žiakov / 2 070 ZŠ (2021/22)","Aritmetický priemer; malotriedky majú desiatky, sídliskové ZŠ vyše 800 žiakov."
54,295,226.0,žiak,typova,"CVTI SR, Vývojové tendencie 2022: 468 540 žiakov / 2 070 ZŠ (2021/22)","Aritmetický priemer; malotriedky majú desiatky, sídliskové ZŠ vyše 800 žiakov."
55,296,226.0,žiak,typova,"CVTI SR, Vývojové tendencie 2022: 468 540 žiakov / 2 070 ZŠ (2021/22)","Aritmetický priemer; malotriedky majú desiatky, sídliskové ZŠ vyše 800 žiakov."
56,297,226.0,žiak,typova,"CVTI SR, Vývojové tendencie 2022: 468 540 žiakov / 2 070 ZŠ (2021/22)","Aritmetický priemer; malotriedky majú desiatky, sídliskové ZŠ vyše 800 žiakov."
57,299,226.0,žiak,typova,"CVTI SR, Vývojové tendencie 2022: 468 540 žiakov / 2 070 ZŠ (2021/22)","Aritmetický priemer; malotriedky majú desiatky, sídliskové ZŠ vyše 800 žiakov."
58,300,56.0,dieťa,typova,"CVTI SR, Vývojové tendencie 2022: 173 170 detí / 3 102 MŠ (2021/22)",Aritmetický priemer na zariadenie; skutočné MŠ sa pohybujú od 20 do 250 detí.
59,301,226.0,žiak,typova,"CVTI SR, Vývojové tendencie 2022: 468 540 žiakov / 2 070 ZŠ (2021/22)","Aritmetický priemer; malotriedky majú desiatky, sídliskové ZŠ vyše 800 žiakov."
60,302,226.0,žiak,typova,"CVTI SR, Vývojové tendencie 2022: 468 540 žiakov / 2 070 ZŠ (2021/22)","Aritmetický priemer; malotriedky majú desiatky, sídliskové ZŠ vyše 800 žiakov."
61,303,226.0,žiak,typova,"CVTI SR, Vývojové tendencie 2022: 468 540 žiakov / 2 070 ZŠ (2021/22)","Aritmetický priemer; malotriedky majú desiatky, sídliskové ZŠ vyše 800 žiakov."
62,304,226.0,žiak,typova,"CVTI SR, Vývojové tendencie 2022: 468 540 žiakov / 2 070 ZŠ (2021/22)","Aritmetický priemer; malotriedky majú desiatky, sídliskové ZŠ vyše 800 žiakov."
63,305,56.0,dieťa,typova,"CVTI SR, Vývojové tendencie 2022: 173 170 detí / 3 102 MŠ (2021/22)",Aritmetický priemer na zariadenie; skutočné MŠ sa pohybujú od 20 do 250 detí.
64,306,226.0,žiak,typova,"CVTI SR, Vývojové tendencie 2022: 468 540 žiakov / 2 070 ZŠ (2021/22)","Aritmetický priemer; malotriedky majú desiatky, sídliskové ZŠ vyše 800 žiakov."
65,307,226.0,žiak,typova,"CVTI SR, Vývojové tendencie 2022: 468 540 žiakov / 2 070 ZŠ (2021/22)","Aritmetický priemer; malotriedky majú desiatky, sídliskové ZŠ vyše 800 žiakov."
66,308,226.0,stravník,typova,Odvodené z typovej kapacity ZŠ (CVTI SR 2021/22),Samostatne zapísaná školská jedáleň spravidla obsluhuje jednu ZŠ.
67,313,299.0,žiak,typova,"CVTI SR, Vývojové tendencie 2022: (72 776 + 121 470) žiakov / (233 gymnázií + 416 SOŠ) (2021/22)",Aritmetický priemer gymnázií a SOŠ.
68,314,349.0,lôžko,typova,"Eurostat hlth_rs_bds: 31 422 postelí (2019) / 90 nemocníc (MF SR, Revízia výdavkov na nemocnice 2025)","Priemer na nemocnicu; fakultné nemocnice majú vyše 1 000 postelí, malé pod 100."
69,350,226.0,žiak,typova,"CVTI SR, Vývojové tendencie 2022: 468 540 žiakov / 2 070 ZŠ (2021/22)","Aritmetický priemer; malotriedky majú desiatky, sídliskové ZŠ vyše 800 žiakov."
70,351,226.0,žiak,typova,"CVTI SR, Vývojové tendencie 2022: 468 540 žiakov / 2 070 ZŠ (2021/22)","Aritmetický priemer; malotriedky majú desiatky, sídliskové ZŠ vyše 800 žiakov."
71,352,226.0,žiak,typova,"CVTI SR, Vývojové tendencie 2022: 468 540 žiakov / 2 070 ZŠ (2021/22)","Aritmetický priemer; malotriedky majú desiatky, sídliskové ZŠ vyše 800 žiakov."
72,353,226.0,stravník,typova,Odvodené z typovej kapacity ZŠ (CVTI SR 2021/22),Samostatne zapísaná školská jedáleň spravidla obsluhuje jednu ZŠ.
73,354,226.0,stravník,typova,Odvodené z typovej kapacity ZŠ (CVTI SR 2021/22),Samostatne zapísaná školská jedáleň spravidla obsluhuje jednu ZŠ.
74,355,226.0,stravník,typova,Odvodené z typovej kapacity ZŠ (CVTI SR 2021/22),Samostatne zapísaná školská jedáleň spravidla obsluhuje jednu ZŠ.
75,356,226.0,žiak,typova,"CVTI SR, Vývojové tendencie 2022: 468 540 žiakov / 2 070 ZŠ (2021/22)","Aritmetický priemer; malotriedky majú desiatky, sídliskové ZŠ vyše 800 žiakov."
76,357,226.0,žiak,typova,"CVTI SR, Vývojové tendencie 2022: 468 540 žiakov / 2 070 ZŠ (2021/22)","Aritmetický priemer; malotriedky majú desiatky, sídliskové ZŠ vyše 800 žiakov."
77,358,226.0,stravník,typova,Odvodené z typovej kapacity ZŠ (CVTI SR 2021/22),Samostatne zapísaná školská jedáleň spravidla obsluhuje jednu ZŠ.
78,359,226.0,stravník,typova,Odvodené z typovej kapacity ZŠ (CVTI SR 2021/22),Samostatne zapísaná školská jedáleň spravidla obsluhuje jednu ZŠ.
79,360,226.0,žiak,typova,"CVTI SR, Vývojové tendencie 2022: 468 540 žiakov / 2 070 ZŠ (2021/22)","Aritmetický priemer; malotriedky majú desiatky, sídliskové ZŠ vyše 800 žiakov."
80,361,226.0,žiak,typova,"CVTI SR, Vývojové tendencie 2022: 468 540 žiakov / 2 070 ZŠ (2021/22)","Aritmetický priemer; malotriedky majú desiatky, sídliskové ZŠ vyše 800 žiakov."
81,362,56.0,dieťa,typova,"CVTI SR, Vývojové tendencie 2022: 173 170 detí / 3 102 MŠ (2021/22)",Aritmetický priemer na zariadenie; skutočné MŠ sa pohybujú od 20 do 250 detí.
82,363,299.0,žiak,typova,"CVTI SR, Vývojové tendencie 2022: (72 776 + 121 470) žiakov / (233 gymnázií + 416 SOŠ) (2021/22)",Aritmetický priemer gymnázií a SOŠ.
83,364,299.0,žiak,typova,"CVTI SR, Vývojové tendencie 2022: (72 776 + 121 470) žiakov / (233 gymnázií + 416 SOŠ) (2021/22)",Aritmetický priemer gymnázií a SOŠ.
84,365,226.0,žiak,typova,"CVTI SR, Vývojové tendencie 2022: 468 540 žiakov / 2 070 ZŠ (2021/22)","Aritmetický priemer; malotriedky majú desiatky, sídliskové ZŠ vyše 800 žiakov."
85,366,56.0,dieťa,typova,"CVTI SR, Vývojové tendencie 2022: 173 170 detí / 3 102 MŠ (2021/22)",Aritmetický priemer na zariadenie; skutočné MŠ sa pohybujú od 20 do 250 detí.
86,367,349.0,lôžko,typova,"Eurostat hlth_rs_bds: 31 422 postelí (2019) / 90 nemocníc (MF SR, Revízia výdavkov na nemocnice 2025)","Priemer na nemocnicu; fakultné nemocnice majú vyše 1 000 postelí, malé pod 100."
87,368,349.0,lôžko,typova,"Eurostat hlth_rs_bds: 31 422 postelí (2019) / 90 nemocníc (MF SR, Revízia výdavkov na nemocnice 2025)","Priemer na nemocnicu; fakultné nemocnice majú vyše 1 000 postelí, malé pod 100."
88,370,299.0,žiak,typova,"CVTI SR, Vývojové tendencie 2022: (72 776 + 121 470) žiakov / (233 gymnázií + 416 SOŠ) (2021/22)",Aritmetický priemer gymnázií a SOŠ.
89,371,299.0,žiak,typova,"CVTI SR, Vývojové tendencie 2022: (72 776 + 121 470) žiakov / (233 gymnázií + 416 SOŠ) (2021/22)",Aritmetický priemer gymnázií a SOŠ.
90,398,226.0,žiak,typova,"CVTI SR, Vývojové tendencie 2022: 468 540 žiakov / 2 070 ZŠ (2021/22)","Aritmetický priemer; malotriedky majú desiatky, sídliskové ZŠ vyše 800 žiakov."
91,399,226.0,žiak,typova,"CVTI SR, Vývojové tendencie 2022: 468 540 žiakov / 2 070 ZŠ (2021/22)","Aritmetický priemer; malotriedky majú desiatky, sídliskové ZŠ vyše 800 žiakov."
92,400,226.0,žiak,typova,"CVTI SR, Vývojové tendencie 2022: 468 540 žiakov / 2 070 ZŠ (2021/22)","Aritmetický priemer; malotriedky majú desiatky, sídliskové ZŠ vyše 800 žiakov."
93,414,226.0,žiak,typova,"CVTI SR, Vývojové tendencie 2022: 468 540 žiakov / 2 070 ZŠ (2021/22)","Aritmetický priemer; malotriedky majú desiatky, sídliskové ZŠ vyše 800 žiakov."
94,415,349.0,lôžko,typova,"Eurostat hlth_rs_bds: 31 422 postelí (2019) / 90 nemocníc (MF SR, Revízia výdavkov na nemocnice 2025)","Priemer na nemocnicu; fakultné nemocnice majú vyše 1 000 postelí, malé pod 100."
95,416,349.0,lôžko,typova,"Eurostat hlth_rs_bds: 31 422 postelí (2019) / 90 nemocníc (MF SR, Revízia výdavkov na nemocnice 2025)","Priemer na nemocnicu; fakultné nemocnice majú vyše 1 000 postelí, malé pod 100."
96,418,226.0,žiak,typova,"CVTI SR, Vývojové tendencie 2022: 468 540 žiakov / 2 070 ZŠ (2021/22)","Aritmetický priemer; malotriedky majú desiatky, sídliskové ZŠ vyše 800 žiakov."
97,419,226.0,žiak,typova,"CVTI SR, Vývojové tendencie 2022: 468 540 žiakov / 2 070 ZŠ (2021/22)","Aritmetický priemer; malotriedky majú desiatky, sídliskové ZŠ vyše 800 žiakov."
98,420,299.0,žiak,typova,"CVTI SR, Vývojové tendencie 2022: (72 776 + 121 470) žiakov / (233 gymnázií + 416 SOŠ) (2021/22)",Aritmetický priemer gymnázií a SOŠ.
99,421,226.0,žiak,typova,"CVTI SR, Vývojové tendencie 2022: 468 540 žiakov / 2 070 ZŠ (2021/22)","Aritmetický priemer; malotriedky majú desiatky, sídliskové ZŠ vyše 800 žiakov."
100,422,299.0,žiak,typova,"CVTI SR, Vývojové tendencie 2022: (72 776 + 121 470) žiakov / (233 gymnázií + 416 SOŠ) (2021/22)",Aritmetický priemer gymnázií a SOŠ.
101,424,349.0,lôžko,typova,"Eurostat hlth_rs_bds: 31 422 postelí (2019) / 90 nemocníc (MF SR, Revízia výdavkov na nemocnice 2025)","Priemer na nemocnicu; fakultné nemocnice majú vyše 1 000 postelí, malé pod 100."
102,425,226.0,žiak,typova,"CVTI SR, Vývojové tendencie 2022: 468 540 žiakov / 2 070 ZŠ (2021/22)","Aritmetický priemer; malotriedky majú desiatky, sídliskové ZŠ vyše 800 žiakov."
103,426,226.0,žiak,typova,"CVTI SR, Vývojové tendencie 2022: 468 540 žiakov / 2 070 ZŠ (2021/22)","Aritmetický priemer; malotriedky majú desiatky, sídliskové ZŠ vyše 800 žiakov."
104,427,56.0,dieťa,typova,"CVTI SR, Vývojové tendencie 2022: 173 170 detí / 3 102 MŠ (2021/22)",Aritmetický priemer na zariadenie; skutočné MŠ sa pohybujú od 20 do 250 detí.
105,428,56.0,dieťa,typova,"CVTI SR, Vývojové tendencie 2022: 173 170 detí / 3 102 MŠ (2021/22)",Aritmetický priemer na zariadenie; skutočné MŠ sa pohybujú od 20 do 250 detí.
106,429,56.0,dieťa,typova,"CVTI SR, Vývojové tendencie 2022: 173 170 detí / 3 102 MŠ (2021/22)",Aritmetický priemer na zariadenie; skutočné MŠ sa pohybujú od 20 do 250 detí.
107,430,56.0,dieťa,typova,"CVTI SR, Vývojové tendencie 2022: 173 170 detí / 3 102 MŠ (2021/22)",Aritmetický priemer na zariadenie; skutočné MŠ sa pohybujú od 20 do 250 detí.
108,431,56.0,dieťa,typova,"CVTI SR, Vývojové tendencie 2022: 173 170 detí / 3 102 MŠ (2021/22)",Aritmetický priemer na zariadenie; skutočné MŠ sa pohybujú od 20 do 250 detí.
109,432,299.0,žiak,typova,"CVTI SR, Vývojové tendencie 2022: (72 776 + 121 470) žiakov / (233 gymnázií + 416 SOŠ) (2021/22)",Aritmetický priemer gymnázií a SOŠ.
110,433,226.0,žiak,typova,"CVTI SR, Vývojové tendencie 2022: 468 540 žiakov / 2 070 ZŠ (2021/22)","Aritmetický priemer; malotriedky majú desiatky, sídliskové ZŠ vyše 800 žiakov."
111,435,349.0,lôžko,typova,"Eurostat hlth_rs_bds: 31 422 postelí (2019) / 90 nemocníc (MF SR, Revízia výdavkov na nemocnice 2025)","Priemer na nemocnicu; fakultné nemocnice majú vyše 1 000 postelí, malé pod 100."
112,437,349.0,lôžko,typova,"Eurostat hlth_rs_bds: 31 422 postelí (2019) / 90 nemocníc (MF SR, Revízia výdavkov na nemocnice 2025)","Priemer na nemocnicu; fakultné nemocnice majú vyše 1 000 postelí, malé pod 100."
113,472,349.0,lôžko,typova,"Eurostat hlth_rs_bds: 31 422 postelí (2019) / 90 nemocníc (MF SR, Revízia výdavkov na nemocnice 2025)","Priemer na nemocnicu; fakultné nemocnice majú vyše 1 000 postelí, malé pod 100."
114,474,349.0,lôžko,typova,"Eurostat hlth_rs_bds: 31 422 postelí (2019) / 90 nemocníc (MF SR, Revízia výdavkov na nemocnice 2025)","Priemer na nemocnicu; fakultné nemocnice majú vyše 1 000 postelí, malé pod 100."
115,498,349.0,lôžko,typova,"Eurostat hlth_rs_bds: 31 422 postelí (2019) / 90 nemocníc (MF SR, Revízia výdavkov na nemocnice 2025)","Priemer na nemocnicu; fakultné nemocnice majú vyše 1 000 postelí, malé pod 100."
116,499,349.0,lôžko,typova,"Eurostat hlth_rs_bds: 31 422 postelí (2019) / 90 nemocníc (MF SR, Revízia výdavkov na nemocnice 2025)","Priemer na nemocnicu; fakultné nemocnice majú vyše 1 000 postelí, malé pod 100."
117,518,349.0,lôžko,typova,"Eurostat hlth_rs_bds: 31 422 postelí (2019) / 90 nemocníc (MF SR, Revízia výdavkov na nemocnice 2025)","Priemer na nemocnicu; fakultné nemocnice majú vyše 1 000 postelí, malé pod 100."
118,519,349.0,lôžko,typova,"Eurostat hlth_rs_bds: 31 422 postelí (2019) / 90 nemocníc (MF SR, Revízia výdavkov na nemocnice 2025)","Priemer na nemocnicu; fakultné nemocnice majú vyše 1 000 postelí, malé pod 100."
119,520,349.0,lôžko,typova,"Eurostat hlth_rs_bds: 31 422 postelí (2019) / 90 nemocníc (MF SR, Revízia výdavkov na nemocnice 2025)","Priemer na nemocnicu; fakultné nemocnice majú vyše 1 000 postelí, malé pod 100."
120,521,349.0,lôžko,typova,"Eurostat hlth_rs_bds: 31 422 postelí (2019) / 90 nemocníc (MF SR, Revízia výdavkov na nemocnice 2025)","Priemer na nemocnicu; fakultné nemocnice majú vyše 1 000 postelí, malé pod 100."
121,534,299.0,žiak,typova,"CVTI SR, Vývojové tendencie 2022: (72 776 + 121 470) žiakov / (233 gymnázií + 416 SOŠ) (2021/22)",Aritmetický priemer gymnázií a SOŠ.
122,545,349.0,lôžko,typova,"Eurostat hlth_rs_bds: 31 422 postelí (2019) / 90 nemocníc (MF SR, Revízia výdavkov na nemocnice 2025)","Priemer na nemocnicu; fakultné nemocnice majú vyše 1 000 postelí, malé pod 100."
123,562,299.0,žiak,typova,"CVTI SR, Vývojové tendencie 2022: (72 776 + 121 470) žiakov / (233 gymnázií + 416 SOŠ) (2021/22)",Aritmetický priemer gymnázií a SOŠ.
124,563,226.0,žiak,typova,"CVTI SR, Vývojové tendencie 2022: 468 540 žiakov / 2 070 ZŠ (2021/22)","Aritmetický priemer; malotriedky majú desiatky, sídliskové ZŠ vyše 800 žiakov."
125,564,226.0,žiak,typova,"CVTI SR, Vývojové tendencie 2022: 468 540 žiakov / 2 070 ZŠ (2021/22)","Aritmetický priemer; malotriedky majú desiatky, sídliskové ZŠ vyše 800 žiakov."
126,565,226.0,žiak,typova,"CVTI SR, Vývojové tendencie 2022: 468 540 žiakov / 2 070 ZŠ (2021/22)","Aritmetický priemer; malotriedky majú desiatky, sídliskové ZŠ vyše 800 žiakov."
127,566,226.0,žiak,typova,"CVTI SR, Vývojové tendencie 2022: 468 540 žiakov / 2 070 ZŠ (2021/22)","Aritmetický priemer; malotriedky majú desiatky, sídliskové ZŠ vyše 800 žiakov."
128,567,226.0,žiak,typova,"CVTI SR, Vývojové tendencie 2022: 468 540 žiakov / 2 070 ZŠ (2021/22)","Aritmetický priemer; malotriedky majú desiatky, sídliskové ZŠ vyše 800 žiakov."
129,568,226.0,žiak,typova,"CVTI SR, Vývojové tendencie 2022: 468 540 žiakov / 2 070 ZŠ (2021/22)","Aritmetický priemer; malotriedky majú desiatky, sídliskové ZŠ vyše 800 žiakov."
130,569,226.0,žiak,typova,"CVTI SR, Vývojové tendencie 2022: 468 540 žiakov / 2 070 ZŠ (2021/22)","Aritmetický priemer; malotriedky majú desiatky, sídliskové ZŠ vyše 800 žiakov."
131,570,226.0,žiak,typova,"CVTI SR, Vývojové tendencie 2022: 468 540 žiakov / 2 070 ZŠ (2021/22)","Aritmetický priemer; malotriedky majú desiatky, sídliskové ZŠ vyše 800 žiakov."
132,571,226.0,stravník,typova,Odvodené z typovej kapacity ZŠ (CVTI SR 2021/22),Samostatne zapísaná školská jedáleň spravidla obsluhuje jednu ZŠ.
133,572,56.0,dieťa,typova,"CVTI SR, Vývojové tendencie 2022: 173 170 detí / 3 102 MŠ (2021/22)",Aritmetický priemer na zariadenie; skutočné MŠ sa pohybujú od 20 do 250 detí.
134,573,56.0,dieťa,typova,"CVTI SR, Vývojové tendencie 2022: 173 170 detí / 3 102 MŠ (2021/22)",Aritmetický priemer na zariadenie; skutočné MŠ sa pohybujú od 20 do 250 detí.
135,574,56.0,dieťa,typova,"CVTI SR, Vývojové tendencie 2022: 173 170 detí / 3 102 MŠ (2021/22)",Aritmetický priemer na zariadenie; skutočné MŠ sa pohybujú od 20 do 250 detí.
136,575,56.0,dieťa,typova,"CVTI SR, Vývojové tendencie 2022: 173 170 detí / 3 102 MŠ (2021/22)",Aritmetický priemer na zariadenie; skutočné MŠ sa pohybujú od 20 do 250 detí.
137,577,226.0,žiak,typova,"CVTI SR, Vývojové tendencie 2022: 468 540 žiakov / 2 070 ZŠ (2021/22)","Aritmetický priemer; malotriedky majú desiatky, sídliskové ZŠ vyše 800 žiakov."
138,578,226.0,žiak,typova,"CVTI SR, Vývojové tendencie 2022: 468 540 žiakov / 2 070 ZŠ (2021/22)","Aritmetický priemer; malotriedky majú desiatky, sídliskové ZŠ vyše 800 žiakov."
139,579,226.0,žiak,typova,"CVTI SR, Vývojové tendencie 2022: 468 540 žiakov / 2 070 ZŠ (2021/22)","Aritmetický priemer; malotriedky majú desiatky, sídliskové ZŠ vyše 800 žiakov."
140,580,226.0,žiak,typova,"CVTI SR, Vývojové tendencie 2022: 468 540 žiakov / 2 070 ZŠ (2021/22)","Aritmetický priemer; malotriedky majú desiatky, sídliskové ZŠ vyše 800 žiakov."
141,581,226.0,žiak,typova,"CVTI SR, Vývojové tendencie 2022: 468 540 žiakov / 2 070 ZŠ (2021/22)","Aritmetický priemer; malotriedky majú desiatky, sídliskové ZŠ vyše 800 žiakov."
142,582,226.0,žiak,typova,"CVTI SR, Vývojové tendencie 2022: 468 540 žiakov / 2 070 ZŠ (2021/22)","Aritmetický priemer; malotriedky majú desiatky, sídliskové ZŠ vyše 800 žiakov."
143,583,226.0,žiak,typova,"CVTI SR, Vývojové tendencie 2022: 468 540 žiakov / 2 070 ZŠ (2021/22)","Aritmetický priemer; malotriedky majú desiatky, sídliskové ZŠ vyše 800 žiakov."
144,584,226.0,žiak,typova,"CVTI SR, Vývojové tendencie 2022: 468 540 žiakov / 2 070 ZŠ (2021/22)","Aritmetický priemer; malotriedky majú desiatky, sídliskové ZŠ vyše 800 žiakov."
145,585,226.0,žiak,typova,"CVTI SR, Vývojové tendencie 2022: 468 540 žiakov / 2 070 ZŠ (2021/22)","Aritmetický priemer; malotriedky majú desiatky, sídliskové ZŠ vyše 800 žiakov."
146,586,226.0,žiak,typova,"CVTI SR, Vývojové tendencie 2022: 468 540 žiakov / 2 070 ZŠ (2021/22)","Aritmetický priemer; malotriedky majú desiatky, sídliskové ZŠ vyše 800 žiakov."
147,587,226.0,žiak,typova,"CVTI SR, Vývojové tendencie 2022: 468 540 žiakov / 2 070 ZŠ (2021/22)","Aritmetický priemer; malotriedky majú desiatky, sídliskové ZŠ vyše 800 žiakov."
148,588,56.0,dieťa,typova,"CVTI SR, Vývojové tendencie 2022: 173 170 detí / 3 102 MŠ (2021/22)",Aritmetický priemer na zariadenie; skutočné MŠ sa pohybujú od 20 do 250 detí.
149,589,56.0,dieťa,typova,"CVTI SR, Vývojové tendencie 2022: 173 170 detí / 3 102 MŠ (2021/22)",Aritmetický priemer na zariadenie; skutočné MŠ sa pohybujú od 20 do 250 detí.
150,590,56.0,dieťa,typova,"CVTI SR, Vývojové tendencie 2022: 173 170 detí / 3 102 MŠ (2021/22)",Aritmetický priemer na zariadenie; skutočné MŠ sa pohybujú od 20 do 250 detí.
151,591,56.0,dieťa,typova,"CVTI SR, Vývojové tendencie 2022: 173 170 detí / 3 102 MŠ (2021/22)",Aritmetický priemer na zariadenie; skutočné MŠ sa pohybujú od 20 do 250 detí.
152,592,56.0,dieťa,typova,"CVTI SR, Vývojové tendencie 2022: 173 170 detí / 3 102 MŠ (2021/22)",Aritmetický priemer na zariadenie; skutočné MŠ sa pohybujú od 20 do 250 detí.
153,593,56.0,dieťa,typova,"CVTI SR, Vývojové tendencie 2022: 173 170 detí / 3 102 MŠ (2021/22)",Aritmetický priemer na zariadenie; skutočné MŠ sa pohybujú od 20 do 250 detí.
154,594,226.0,stravník,typova,Odvodené z typovej kapacity ZŠ (CVTI SR 2021/22),Samostatne zapísaná školská jedáleň spravidla obsluhuje jednu ZŠ.
155,595,226.0,žiak,typova,"CVTI SR, Vývojové tendencie 2022: 468 540 žiakov / 2 070 ZŠ (2021/22)","Aritmetický priemer; malotriedky majú desiatky, sídliskové ZŠ vyše 800 žiakov."
156,596,56.0,dieťa,typova,"CVTI SR, Vývojové tendencie 2022: 173 170 detí / 3 102 MŠ (2021/22)",Aritmetický priemer na zariadenie; skutočné MŠ sa pohybujú od 20 do 250 detí.
157,597,226.0,stravník,typova,Odvodené z typovej kapacity ZŠ (CVTI SR 2021/22),Samostatne zapísaná školská jedáleň spravidla obsluhuje jednu ZŠ.
158,598,56.0,dieťa,typova,"CVTI SR, Vývojové tendencie 2022: 173 170 detí / 3 102 MŠ (2021/22)",Aritmetický priemer na zariadenie; skutočné MŠ sa pohybujú od 20 do 250 detí.
159,599,226.0,žiak,typova,"CVTI SR, Vývojové tendencie 2022: 468 540 žiakov / 2 070 ZŠ (2021/22)","Aritmetický priemer; malotriedky majú desiatky, sídliskové ZŠ vyše 800 žiakov."
160,600,56.0,dieťa,typova,"CVTI SR, Vývojové tendencie 2022: 173 170 detí / 3 102 MŠ (2021/22)",Aritmetický priemer na zariadenie; skutočné MŠ sa pohybujú od 20 do 250 detí.
161,601,226.0,žiak,typova,"CVTI SR, Vývojové tendencie 2022: 468 540 žiakov / 2 070 ZŠ (2021/22)","Aritmetický priemer; malotriedky majú desiatky, sídliskové ZŠ vyše 800 žiakov."
162,602,226.0,žiak,typova,"CVTI SR, Vývojové tendencie 2022: 468 540 žiakov / 2 070 ZŠ (2021/22)","Aritmetický priemer; malotriedky majú desiatky, sídliskové ZŠ vyše 800 žiakov."
163,603,226.0,žiak,typova,"CVTI SR, Vývojové tendencie 2022: 468 540 žiakov / 2 070 ZŠ (2021/22)","Aritmetický priemer; malotriedky majú desiatky, sídliskové ZŠ vyše 800 žiakov."
164,604,226.0,žiak,typova,"CVTI SR, Vývojové tendencie 2022: 468 540 žiakov / 2 070 ZŠ (2021/22)","Aritmetický priemer; malotriedky majú desiatky, sídliskové ZŠ vyše 800 žiakov."
165,605,56.0,dieťa,typova,"CVTI SR, Vývojové tendencie 2022: 173 170 detí / 3 102 MŠ (2021/22)",Aritmetický priemer na zariadenie; skutočné MŠ sa pohybujú od 20 do 250 detí.
166,606,226.0,žiak,typova,"CVTI SR, Vývojové tendencie 2022: 468 540 žiakov / 2 070 ZŠ (2021/22)","Aritmetický priemer; malotriedky majú desiatky, sídliskové ZŠ vyše 800 žiakov."
167,607,56.0,dieťa,typova,"CVTI SR, Vývojové tendencie 2022: 173 170 detí / 3 102 MŠ (2021/22)",Aritmetický priemer na zariadenie; skutočné MŠ sa pohybujú od 20 do 250 detí.
168,608,299.0,žiak,typova,"CVTI SR, Vývojové tendencie 2022: (72 776 + 121 470) žiakov / (233 gymnázií + 416 SOŠ) (2021/22)",Aritmetický priemer gymnázií a SOŠ.
169,609,299.0,žiak,typova,"CVTI SR, Vývojové tendencie 2022: (72 776 + 121 470) žiakov / (233 gymnázií + 416 SOŠ) (2021/22)",Aritmetický priemer gymnázií a SOŠ.
170,610,226.0,žiak,typova,"CVTI SR, Vývojové tendencie 2022: 468 540 žiakov / 2 070 ZŠ (2021/22)","Aritmetický priemer; malotriedky majú desiatky, sídliskové ZŠ vyše 800 žiakov."
171,611,349.0,lôžko,typova,"Eurostat hlth_rs_bds: 31 422 postelí (2019) / 90 nemocníc (MF SR, Revízia výdavkov na nemocnice 2025)","Priemer na nemocnicu; fakultné nemocnice majú vyše 1 000 postelí, malé pod 100."
172,612,349.0,lôžko,typova,"Eurostat hlth_rs_bds: 31 422 postelí (2019) / 90 nemocníc (MF SR, Revízia výdavkov na nemocnice 2025)","Priemer na nemocnicu; fakultné nemocnice majú vyše 1 000 postelí, malé pod 100."
173,613,226.0,stravník,typova,Odvodené z typovej kapacity ZŠ (CVTI SR 2021/22),Samostatne zapísaná školská jedáleň spravidla obsluhuje jednu ZŠ.
174,615,56.0,dieťa,typova,"CVTI SR, Vývojové tendencie 2022: 173 170 detí / 3 102 MŠ (2021/22)",Aritmetický priemer na zariadenie; skutočné MŠ sa pohybujú od 20 do 250 detí.
175,616,56.0,dieťa,typova,"CVTI SR, Vývojové tendencie 2022: 173 170 detí / 3 102 MŠ (2021/22)",Aritmetický priemer na zariadenie; skutočné MŠ sa pohybujú od 20 do 250 detí.
176,617,56.0,dieťa,typova,"CVTI SR, Vývojové tendencie 2022: 173 170 detí / 3 102 MŠ (2021/22)",Aritmetický priemer na zariadenie; skutočné MŠ sa pohybujú od 20 do 250 detí.
177,618,56.0,dieťa,typova,"CVTI SR, Vývojové tendencie 2022: 173 170 detí / 3 102 MŠ (2021/22)",Aritmetický priemer na zariadenie; skutočné MŠ sa pohybujú od 20 do 250 detí.
178,619,56.0,dieťa,typova,"CVTI SR, Vývojové tendencie 2022: 173 170 detí / 3 102 MŠ (2021/22)",Aritmetický priemer na zariadenie; skutočné MŠ sa pohybujú od 20 do 250 detí.
179,620,56.0,dieťa,typova,"CVTI SR, Vývojové tendencie 2022: 173 170 detí / 3 102 MŠ (2021/22)",Aritmetický priemer na zariadenie; skutočné MŠ sa pohybujú od 20 do 250 detí.
180,621,299.0,žiak,typova,"CVTI SR, Vývojové tendencie 2022: (72 776 + 121 470) žiakov / (233 gymnázií + 416 SOŠ) (2021/22)",Aritmetický priemer gymnázií a SOŠ.
181,622,56.0,dieťa,typova,"CVTI SR, Vývojové tendencie 2022: 173 170 detí / 3 102 MŠ (2021/22)",Aritmetický priemer na zariadenie; skutočné MŠ sa pohybujú od 20 do 250 detí.
182,624,299.0,žiak,typova,"CVTI SR, Vývojové tendencie 2022: (72 776 + 121 470) žiakov / (233 gymnázií + 416 SOŠ) (2021/22)",Aritmetický priemer gymnázií a SOŠ.
183,625,299.0,žiak,typova,"CVTI SR, Vývojové tendencie 2022: (72 776 + 121 470) žiakov / (233 gymnázií + 416 SOŠ) (2021/22)",Aritmetický priemer gymnázií a SOŠ.
184,626,299.0,žiak,typova,"CVTI SR, Vývojové tendencie 2022: (72 776 + 121 470) žiakov / (233 gymnázií + 416 SOŠ) (2021/22)",Aritmetický priemer gymnázií a SOŠ.
185,627,299.0,žiak,typova,"CVTI SR, Vývojové tendencie 2022: (72 776 + 121 470) žiakov / (233 gymnázií + 416 SOŠ) (2021/22)",Aritmetický priemer gymnázií a SOŠ.
186,628,56.0,dieťa,typova,"CVTI SR, Vývojové tendencie 2022: 173 170 detí / 3 102 MŠ (2021/22)",Aritmetický priemer na zariadenie; skutočné MŠ sa pohybujú od 20 do 250 detí.
187,629,226.0,stravník,typova,Odvodené z typovej kapacity ZŠ (CVTI SR 2021/22),Samostatne zapísaná školská jedáleň spravidla obsluhuje jednu ZŠ.
188,631,349.0,lôžko,typova,"Eurostat hlth_rs_bds: 31 422 postelí (2019) / 90 nemocníc (MF SR, Revízia výdavkov na nemocnice 2025)","Priemer na nemocnicu; fakultné nemocnice majú vyše 1 000 postelí, malé pod 100."
189,632,56.0,dieťa,typova,"CVTI SR, Vývojové tendencie 2022: 173 170 detí / 3 102 MŠ (2021/22)",Aritmetický priemer na zariadenie; skutočné MŠ sa pohybujú od 20 do 250 detí.
190,633,299.0,žiak,typova,"CVTI SR, Vývojové tendencie 2022: (72 776 + 121 470) žiakov / (233 gymnázií + 416 SOŠ) (2021/22)",Aritmetický priemer gymnázií a SOŠ.
191,634,56.0,dieťa,typova,"CVTI SR, Vývojové tendencie 2022: 173 170 detí / 3 102 MŠ (2021/22)",Aritmetický priemer na zariadenie; skutočné MŠ sa pohybujú od 20 do 250 detí.
192,635,56.0,dieťa,typova,"CVTI SR, Vývojové tendencie 2022: 173 170 detí / 3 102 MŠ (2021/22)",Aritmetický priemer na zariadenie; skutočné MŠ sa pohybujú od 20 do 250 detí.
193,636,56.0,dieťa,typova,"CVTI SR, Vývojové tendencie 2022: 173 170 detí / 3 102 MŠ (2021/22)",Aritmetický priemer na zariadenie; skutočné MŠ sa pohybujú od 20 do 250 detí.
194,637,349.0,lôžko,typova,"Eurostat hlth_rs_bds: 31 422 postelí (2019) / 90 nemocníc (MF SR, Revízia výdavkov na nemocnice 2025)","Priemer na nemocnicu; fakultné nemocnice majú vyše 1 000 postelí, malé pod 100."
195,642,226.0,žiak,typova,"CVTI SR, Vývojové tendencie 2022: 468 540 žiakov / 2 070 ZŠ (2021/22)","Aritmetický priemer; malotriedky majú desiatky, sídliskové ZŠ vyše 800 žiakov."
196,643,56.0,dieťa,typova,"CVTI SR, Vývojové tendencie 2022: 173 170 detí / 3 102 MŠ (2021/22)",Aritmetický priemer na zariadenie; skutočné MŠ sa pohybujú od 20 do 250 detí.
197,653,299.0,žiak,typova,"CVTI SR, Vývojové tendencie 2022: (72 776 + 121 470) žiakov / (233 gymnázií + 416 SOŠ) (2021/22)",Aritmetický priemer gymnázií a SOŠ.
198,655,299.0,žiak,typova,"CVTI SR, Vývojové tendencie 2022: (72 776 + 121 470) žiakov / (233 gymnázií + 416 SOŠ) (2021/22)",Aritmetický priemer gymnázií a SOŠ.
199,656,56.0,dieťa,typova,"CVTI SR, Vývojové tendencie 2022: 173 170 detí / 3 102 MŠ (2021/22)",Aritmetický priemer na zariadenie; skutočné MŠ sa pohybujú od 20 do 250 detí.
200,657,299.0,žiak,typova,"CVTI SR, Vývojové tendencie 2022: (72 776 + 121 470) žiakov / (233 gymnázií + 416 SOŠ) (2021/22)",Aritmetický priemer gymnázií a SOŠ.
201,659,56.0,dieťa,typova,"CVTI SR, Vývojové tendencie 2022: 173 170 detí / 3 102 MŠ (2021/22)",Aritmetický priemer na zariadenie; skutočné MŠ sa pohybujú od 20 do 250 detí.
202,661,299.0,žiak,typova,"CVTI SR, Vývojové tendencie 2022: (72 776 + 121 470) žiakov / (233 gymnázií + 416 SOŠ) (2021/22)",Aritmetický priemer gymnázií a SOŠ.
203,662,299.0,žiak,typova,"CVTI SR, Vývojové tendencie 2022: (72 776 + 121 470) žiakov / (233 gymnázií + 416 SOŠ) (2021/22)",Aritmetický priemer gymnázií a SOŠ.
204,664,56.0,dieťa,typova,"CVTI SR, Vývojové tendencie 2022: 173 170 detí / 3 102 MŠ (2021/22)",Aritmetický priemer na zariadenie; skutočné MŠ sa pohybujú od 20 do 250 detí.
205,665,299.0,žiak,typova,"CVTI SR, Vývojové tendencie 2022: (72 776 + 121 470) žiakov / (233 gymnázií + 416 SOŠ) (2021/22)",Aritmetický priemer gymnázií a SOŠ.
206,666,299.0,žiak,typova,"CVTI SR, Vývojové tendencie 2022: (72 776 + 121 470) žiakov / (233 gymnázií + 416 SOŠ) (2021/22)",Aritmetický priemer gymnázií a SOŠ.
207,667,299.0,žiak,typova,"CVTI SR, Vývojové tendencie 2022: (72 776 + 121 470) žiakov / (233 gymnázií + 416 SOŠ) (2021/22)",Aritmetický priemer gymnázií a SOŠ.
208,672,299.0,žiak,typova,"CVTI SR, Vývojové tendencie 2022: (72 776 + 121 470) žiakov / (233 gymnázií + 416 SOŠ) (2021/22)",Aritmetický priemer gymnázií a SOŠ.
209,673,299.0,žiak,typova,"CVTI SR, Vývojové tendencie 2022: (72 776 + 121 470) žiakov / (233 gymnázií + 416 SOŠ) (2021/22)",Aritmetický priemer gymnázií a SOŠ.
210,674,56.0,dieťa,typova,"CVTI SR, Vývojové tendencie 2022: 173 170 detí / 3 102 MŠ (2021/22)",Aritmetický priemer na zariadenie; skutočné MŠ sa pohybujú od 20 do 250 detí.
211,676,56.0,dieťa,typova,"CVTI SR, Vývojové tendencie 2022: 173 170 detí / 3 102 MŠ (2021/22)",Aritmetický priemer na zariadenie; skutočné MŠ sa pohybujú od 20 do 250 detí.
212,678,299.0,žiak,typova,"CVTI SR, Vývojové tendencie 2022: (72 776 + 121 470) žiakov / (233 gymnázií + 416 SOŠ) (2021/22)",Aritmetický priemer gymnázií a SOŠ.
213,679,56.0,dieťa,typova,"CVTI SR, Vývojové tendencie 2022: 173 170 detí / 3 102 MŠ (2021/22)",Aritmetický priemer na zariadenie; skutočné MŠ sa pohybujú od 20 do 250 detí.
214,680,226.0,stravník,typova,Odvodené z typovej kapacity ZŠ (CVTI SR 2021/22),Samostatne zapísaná školská jedáleň spravidla obsluhuje jednu ZŠ.
215,681,299.0,žiak,typova,"CVTI SR, Vývojové tendencie 2022: (72 776 + 121 470) žiakov / (233 gymnázií + 416 SOŠ) (2021/22)",Aritmetický priemer gymnázií a SOŠ.
216,682,226.0,stravník,typova,Odvodené z typovej kapacity ZŠ (CVTI SR 2021/22),Samostatne zapísaná školská jedáleň spravidla obsluhuje jednu ZŠ.
217,683,299.0,žiak,typova,"CVTI SR, Vývojové tendencie 2022: (72 776 + 121 470) žiakov / (233 gymnázií + 416 SOŠ) (2021/22)",Aritmetický priemer gymnázií a SOŠ.
218,684,299.0,žiak,typova,"CVTI SR, Vývojové tendencie 2022: (72 776 + 121 470) žiakov / (233 gymnázií + 416 SOŠ) (2021/22)",Aritmetický priemer gymnázií a SOŠ.
219,685,299.0,žiak,typova,"CVTI SR, Vývojové tendencie 2022: (72 776 + 121 470) žiakov / (233 gymnázií + 416 SOŠ) (2021/22)",Aritmetický priemer gymnázií a SOŠ.
220,687,226.0,stravník,typova,Odvodené z typovej kapacity ZŠ (CVTI SR 2021/22),Samostatne zapísaná školská jedáleň spravidla obsluhuje jednu ZŠ.
221,688,226.0,stravník,typova,Odvodené z typovej kapacity ZŠ (CVTI SR 2021/22),Samostatne zapísaná školská jedáleň spravidla obsluhuje jednu ZŠ.
222,689,56.0,dieťa,typova,"CVTI SR, Vývojové tendencie 2022: 173 170 detí / 3 102 MŠ (2021/22)",Aritmetický priemer na zariadenie; skutočné MŠ sa pohybujú od 20 do 250 detí.
223,690,56.0,dieťa,typova,"CVTI SR, Vývojové tendencie 2022: 173 170 detí / 3 102 MŠ (2021/22)",Aritmetický priemer na zariadenie; skutočné MŠ sa pohybujú od 20 do 250 detí.
224,691,299.0,žiak,typova,"CVTI SR, Vývojové tendencie 2022: (72 776 + 121 470) žiakov / (233 gymnázií + 416 SOŠ) (2021/22)",Aritmetický priemer gymnázií a SOŠ.
225,692,56.0,dieťa,typova,"CVTI SR, Vývojové tendencie 2022: 173 170 detí / 3 102 MŠ (2021/22)",Aritmetický priemer na zariadenie; skutočné MŠ sa pohybujú od 20 do 250 detí.
226,693,226.0,stravník,typova,Odvodené z typovej kapacity ZŠ (CVTI SR 2021/22),Samostatne zapísaná školská jedáleň spravidla obsluhuje jednu ZŠ.
227,694,56.0,dieťa,typova,"CVTI SR, Vývojové tendencie 2022: 173 170 detí / 3 102 MŠ (2021/22)",Aritmetický priemer na zariadenie; skutočné MŠ sa pohybujú od 20 do 250 detí.
228,699,299.0,žiak,typova,"CVTI SR, Vývojové tendencie 2022: (72 776 + 121 470) žiakov / (233 gymnázií + 416 SOŠ) (2021/22)",Aritmetický priemer gymnázií a SOŠ.
229,701,56.0,dieťa,typova,"CVTI SR, Vývojové tendencie 2022: 173 170 detí / 3 102 MŠ (2021/22)",Aritmetický priemer na zariadenie; skutočné MŠ sa pohybujú od 20 do 250 detí.
230,712,349.0,lôžko,typova,"Eurostat hlth_rs_bds: 31 422 postelí (2019) / 90 nemocníc (MF SR, Revízia výdavkov na nemocnice 2025)","Priemer na nemocnicu; fakultné nemocnice majú vyše 1 000 postelí, malé pod 100."
231,732,349.0,lôžko,typova,"Eurostat hlth_rs_bds: 31 422 postelí (2019) / 90 nemocníc (MF SR, Revízia výdavkov na nemocnice 2025)","Priemer na nemocnicu; fakultné nemocnice majú vyše 1 000 postelí, malé pod 100."
232,733,349.0,lôžko,typova,"Eurostat hlth_rs_bds: 31 422 postelí (2019) / 90 nemocníc (MF SR, Revízia výdavkov na nemocnice 2025)","Priemer na nemocnicu; fakultné nemocnice majú vyše 1 000 postelí, malé pod 100."
233,734,349.0,lôžko,typova,"Eurostat hlth_rs_bds: 31 422 postelí (2019) / 90 nemocníc (MF SR, Revízia výdavkov na nemocnice 2025)","Priemer na nemocnicu; fakultné nemocnice majú vyše 1 000 postelí, malé pod 100."
234,739,349.0,lôžko,typova,"Eurostat hlth_rs_bds: 31 422 postelí (2019) / 90 nemocníc (MF SR, Revízia výdavkov na nemocnice 2025)","Priemer na nemocnicu; fakultné nemocnice majú vyše 1 000 postelí, malé pod 100."
235,750,349.0,lôžko,typova,"Eurostat hlth_rs_bds: 31 422 postelí (2019) / 90 nemocníc (MF SR, Revízia výdavkov na nemocnice 2025)","Priemer na nemocnicu; fakultné nemocnice majú vyše 1 000 postelí, malé pod 100."
236,751,299.0,žiak,typova,"CVTI SR, Vývojové tendencie 2022: (72 776 + 121 470) žiakov / (233 gymnázií + 416 SOŠ) (2021/22)",Aritmetický priemer gymnázií a SOŠ.
237,765,349.0,lôžko,typova,"Eurostat hlth_rs_bds: 31 422 postelí (2019) / 90 nemocníc (MF SR, Revízia výdavkov na nemocnice 2025)","Priemer na nemocnicu; fakultné nemocnice majú vyše 1 000 postelí, malé pod 100."
238,772,349.0,lôžko,typova,"Eurostat hlth_rs_bds: 31 422 postelí (2019) / 90 nemocníc (MF SR, Revízia výdavkov na nemocnice 2025)","Priemer na nemocnicu; fakultné nemocnice majú vyše 1 000 postelí, malé pod 100."
239,774,349.0,lôžko,typova,"Eurostat hlth_rs_bds: 31 422 postelí (2019) / 90 nemocníc (MF SR, Revízia výdavkov na nemocnice 2025)","Priemer na nemocnicu; fakultné nemocnice majú vyše 1 000 postelí, malé pod 100."
240,794,349.0,lôžko,typova,"Eurostat hlth_rs_bds: 31 422 postelí (2019) / 90 nemocníc (MF SR, Revízia výdavkov na nemocnice 2025)","Priemer na nemocnicu; fakultné nemocnice majú vyše 1 000 postelí, malé pod 100."
241,856,349.0,lôžko,typova,"Eurostat hlth_rs_bds: 31 422 postelí (2019) / 90 nemocníc (MF SR, Revízia výdavkov na nemocnice 2025)","Priemer na nemocnicu; fakultné nemocnice majú vyše 1 000 postelí, malé pod 100."
242,857,349.0,lôžko,typova,"Eurostat hlth_rs_bds: 31 422 postelí (2019) / 90 nemocníc (MF SR, Revízia výdavkov na nemocnice 2025)","Priemer na nemocnicu; fakultné nemocnice majú vyše 1 000 postelí, malé pod 100."
243,858,349.0,lôžko,typova,"Eurostat hlth_rs_bds: 31 422 postelí (2019) / 90 nemocníc (MF SR, Revízia výdavkov na nemocnice 2025)","Priemer na nemocnicu; fakultné nemocnice majú vyše 1 000 postelí, malé pod 100."
244,859,349.0,lôžko,typova,"Eurostat hlth_rs_bds: 31 422 postelí (2019) / 90 nemocníc (MF SR, Revízia výdavkov na nemocnice 2025)","Priemer na nemocnicu; fakultné nemocnice majú vyše 1 000 postelí, malé pod 100."
245,863,299.0,žiak,typova,"CVTI SR, Vývojové tendencie 2022: (72 776 + 121 470) žiakov / (233 gymnázií + 416 SOŠ) (2021/22)",Aritmetický priemer gymnázií a SOŠ.
246,914,349.0,lôžko,typova,"Eurostat hlth_rs_bds: 31 422 postelí (2019) / 90 nemocníc (MF SR, Revízia výdavkov na nemocnice 2025)","Priemer na nemocnicu; fakultné nemocnice majú vyše 1 000 postelí, malé pod 100."
247,920,226.0,žiak,typova,"CVTI SR, Vývojové tendencie 2022: 468 540 žiakov / 2 070 ZŠ (2021/22)","Aritmetický priemer; malotriedky majú desiatky, sídliskové ZŠ vyše 800 žiakov."
248,935,226.0,stravník,typova,Odvodené z typovej kapacity ZŠ (CVTI SR 2021/22),Samostatne zapísaná školská jedáleň spravidla obsluhuje jednu ZŠ.
249,944,299.0,žiak,typova,"CVTI SR, Vývojové tendencie 2022: (72 776 + 121 470) žiakov / (233 gymnázií + 416 SOŠ) (2021/22)",Aritmetický priemer gymnázií a SOŠ.
250,945,56.0,dieťa,typova,"CVTI SR, Vývojové tendencie 2022: 173 170 detí / 3 102 MŠ (2021/22)",Aritmetický priemer na zariadenie; skutočné MŠ sa pohybujú od 20 do 250 detí.
251,946,226.0,stravník,typova,Odvodené z typovej kapacity ZŠ (CVTI SR 2021/22),Samostatne zapísaná školská jedáleň spravidla obsluhuje jednu ZŠ.
252,956,299.0,žiak,typova,"CVTI SR, Vývojové tendencie 2022: (72 776 + 121 470) žiakov / (233 gymnázií + 416 SOŠ) (2021/22)",Aritmetický priemer gymnázií a SOŠ.
253,958,56.0,dieťa,typova,"CVTI SR, Vývojové tendencie 2022: 173 170 detí / 3 102 MŠ (2021/22)",Aritmetický priemer na zariadenie; skutočné MŠ sa pohybujú od 20 do 250 detí.
254,959,299.0,žiak,typova,"CVTI SR, Vývojové tendencie 2022: (72 776 + 121 470) žiakov / (233 gymnázií + 416 SOŠ) (2021/22)",Aritmetický priemer gymnázií a SOŠ.
255,964,56.0,dieťa,typova,"CVTI SR, Vývojové tendencie 2022: 173 170 detí / 3 102 MŠ (2021/22)",Aritmetický priemer na zariadenie; skutočné MŠ sa pohybujú od 20 do 250 detí.
256,965,56.0,dieťa,typova,"CVTI SR, Vývojové tendencie 2022: 173 170 detí / 3 102 MŠ (2021/22)",Aritmetický priemer na zariadenie; skutočné MŠ sa pohybujú od 20 do 250 detí.
257,968,299.0,žiak,typova,"CVTI SR, Vývojové tendencie 2022: (72 776 + 121 470) žiakov / (233 gymnázií + 416 SOŠ) (2021/22)",Aritmetický priemer gymnázií a SOŠ.
258,977,299.0,žiak,typova,"CVTI SR, Vývojové tendencie 2022: (72 776 + 121 470) žiakov / (233 gymnázií + 416 SOŠ) (2021/22)",Aritmetický priemer gymnázií a SOŠ.
259,978,299.0,žiak,typova,"CVTI SR, Vývojové tendencie 2022: (72 776 + 121 470) žiakov / (233 gymnázií + 416 SOŠ) (2021/22)",Aritmetický priemer gymnázií a SOŠ.
260,979,56.0,dieťa,typova,"CVTI SR, Vývojové tendencie 2022: 173 170 detí / 3 102 MŠ (2021/22)",Aritmetický priemer na zariadenie; skutočné MŠ sa pohybujú od 20 do 250 detí.
261,980,299.0,žiak,typova,"CVTI SR, Vývojové tendencie 2022: (72 776 + 121 470) žiakov / (233 gymnázií + 416 SOŠ) (2021/22)",Aritmetický priemer gymnázií a SOŠ.
262,982,299.0,žiak,typova,"CVTI SR, Vývojové tendencie 2022: (72 776 + 121 470) žiakov / (233 gymnázií + 416 SOŠ) (2021/22)",Aritmetický priemer gymnázií a SOŠ.
263,983,299.0,žiak,typova,"CVTI SR, Vývojové tendencie 2022: (72 776 + 121 470) žiakov / (233 gymnázií + 416 SOŠ) (2021/22)",Aritmetický priemer gymnázií a SOŠ.
264,984,299.0,žiak,typova,"CVTI SR, Vývojové tendencie 2022: (72 776 + 121 470) žiakov / (233 gymnázií + 416 SOŠ) (2021/22)",Aritmetický priemer gymnázií a SOŠ.
265,985,299.0,žiak,typova,"CVTI SR, Vývojové tendencie 2022: (72 776 + 121 470) žiakov / (233 gymnázií + 416 SOŠ) (2021/22)",Aritmetický priemer gymnázií a SOŠ.
266,986,299.0,žiak,typova,"CVTI SR, Vývojové tendencie 2022: (72 776 + 121 470) žiakov / (233 gymnázií + 416 SOŠ) (2021/22)",Aritmetický priemer gymnázií a SOŠ.
267,989,226.0,stravník,typova,Odvodené z typovej kapacity ZŠ (CVTI SR 2021/22),Samostatne zapísaná školská jedáleň spravidla obsluhuje jednu ZŠ.
268,990,226.0,žiak,typova,"CVTI SR, Vývojové tendencie 2022: 468 540 žiakov / 2 070 ZŠ (2021/22)","Aritmetický priemer; malotriedky majú desiatky, sídliskové ZŠ vyše 800 žiakov."
269,991,226.0,žiak,typova,"CVTI SR, Vývojové tendencie 2022: 468 540 žiakov / 2 070 ZŠ (2021/22)","Aritmetický priemer; malotriedky majú desiatky, sídliskové ZŠ vyše 800 žiakov."
270,992,56.0,dieťa,typova,"CVTI SR, Vývojové tendencie 2022: 173 170 detí / 3 102 MŠ (2021/22)",Aritmetický priemer na zariadenie; skutočné MŠ sa pohybujú od 20 do 250 detí.
271,993,56.0,dieťa,typova,"CVTI SR, Vývojové tendencie 2022: 173 170 detí / 3 102 MŠ (2021/22)",Aritmetický priemer na zariadenie; skutočné MŠ sa pohybujú od 20 do 250 detí.
272,994,56.0,dieťa,typova,"CVTI SR, Vývojové tendencie 2022: 173 170 detí / 3 102 MŠ (2021/22)",Aritmetický priemer na zariadenie; skutočné MŠ sa pohybujú od 20 do 250 detí.
273,995,56.0,dieťa,typova,"CVTI SR, Vývojové tendencie 2022: 173 170 detí / 3 102 MŠ (2021/22)",Aritmetický priemer na zariadenie; skutočné MŠ sa pohybujú od 20 do 250 detí.
274,1002,226.0,stravník,typova,Odvodené z typovej kapacity ZŠ (CVTI SR 2021/22),Samostatne zapísaná školská jedáleň spravidla obsluhuje jednu ZŠ.
275,1005,226.0,stravník,typova,Odvodené z typovej kapacity ZŠ (CVTI SR 2021/22),Samostatne zapísaná školská jedáleň spravidla obsluhuje jednu ZŠ.
276,1006,226.0,stravník,typova,Odvodené z typovej kapacity ZŠ (CVTI SR 2021/22),Samostatne zapísaná školská jedáleň spravidla obsluhuje jednu ZŠ.
277,1007,226.0,stravník,typova,Odvodené z typovej kapacity ZŠ (CVTI SR 2021/22),Samostatne zapísaná školská jedáleň spravidla obsluhuje jednu ZŠ.
278,1008,226.0,stravník,typova,Odvodené z typovej kapacity ZŠ (CVTI SR 2021/22),Samostatne zapísaná školská jedáleň spravidla obsluhuje jednu ZŠ.
279,1011,226.0,stravník,typova,Odvodené z typovej kapacity ZŠ (CVTI SR 2021/22),Samostatne zapísaná školská jedáleň spravidla obsluhuje jednu ZŠ.
280,1013,226.0,stravník,typova,Odvodené z typovej kapacity ZŠ (CVTI SR 2021/22),Samostatne zapísaná školská jedáleň spravidla obsluhuje jednu ZŠ.
281,1023,226.0,stravník,typova,Odvodené z typovej kapacity ZŠ (CVTI SR 2021/22),Samostatne zapísaná školská jedáleň spravidla obsluhuje jednu ZŠ.
282,1025,226.0,stravník,typova,Odvodené z typovej kapacity ZŠ (CVTI SR 2021/22),Samostatne zapísaná školská jedáleň spravidla obsluhuje jednu ZŠ.
283,1029,226.0,stravník,typova,Odvodené z typovej kapacity ZŠ (CVTI SR 2021/22),Samostatne zapísaná školská jedáleň spravidla obsluhuje jednu ZŠ.
284,1039,226.0,stravník,typova,Odvodené z typovej kapacity ZŠ (CVTI SR 2021/22),Samostatne zapísaná školská jedáleň spravidla obsluhuje jednu ZŠ.
285,1040,226.0,stravník,typova,Odvodené z typovej kapacity ZŠ (CVTI SR 2021/22),Samostatne zapísaná školská jedáleň spravidla obsluhuje jednu ZŠ.
286,1041,226.0,stravník,typova,Odvodené z typovej kapacity ZŠ (CVTI SR 2021/22),Samostatne zapísaná školská jedáleň spravidla obsluhuje jednu ZŠ.
287,1042,226.0,stravník,typova,Odvodené z typovej kapacity ZŠ (CVTI SR 2021/22),Samostatne zapísaná školská jedáleň spravidla obsluhuje jednu ZŠ.
288,1043,226.0,stravník,typova,Odvodené z typovej kapacity ZŠ (CVTI SR 2021/22),Samostatne zapísaná školská jedáleň spravidla obsluhuje jednu ZŠ.
