id,producent_id,druh_odpadu_id,t_rok_min,t_rok_stred,t_rok_max,metoda,uroven_dokazu
1,2,77,1.278,1.562,2.272,kapacita × podiel stravníkov × jedál za deň × koeficient × dní v roku,B
2,3,77,1.278,1.562,2.272,kapacita × podiel stravníkov × jedál za deň × koeficient × dní v roku,B
3,4,77,1.278,1.562,2.272,kapacita × podiel stravníkov × jedál za deň × koeficient × dní v roku,B
4,5,77,1.278,1.562,2.272,kapacita × podiel stravníkov × jedál za deň × koeficient × dní v roku,B
5,6,77,1.278,1.562,2.272,kapacita × podiel stravníkov × jedál za deň × koeficient × dní v roku,B
6,7,77,1.278,1.562,2.272,kapacita × podiel stravníkov × jedál za deň × koeficient × dní v roku,B
7,8,77,1.278,1.562,2.272,kapacita × podiel stravníkov × jedál za deň × koeficient × dní v roku,B
8,9,77,1.278,1.562,2.272,kapacita × podiel stravníkov × jedál za deň × koeficient × dní v roku,B
9,10,77,1.278,1.562,2.272,kapacita × podiel stravníkov × jedál za deň × koeficient × dní v roku,B
10,11,77,1.278,1.562,2.272,kapacita × podiel stravníkov × jedál za deň × koeficient × dní v roku,B
11,12,77,1.278,1.562,2.272,kapacita × podiel stravníkov × jedál za deň × koeficient × dní v roku,B
12,13,77,1.278,1.562,2.272,kapacita × podiel stravníkov × jedál za deň × koeficient × dní v roku,B
13,14,77,1.278,1.562,2.272,kapacita × podiel stravníkov × jedál za deň × koeficient × dní v roku,B
14,15,77,1.278,1.562,2.272,kapacita × podiel stravníkov × jedál za deň × koeficient × dní v roku,B
15,16,77,1.278,1.562,2.272,kapacita × podiel stravníkov × jedál za deň × koeficient × dní v roku,B
16,17,77,1.278,1.562,2.272,kapacita × podiel stravníkov × jedál za deň × koeficient × dní v roku,B
17,18,77,1.278,1.562,2.272,kapacita × podiel stravníkov × jedál za deň × koeficient × dní v roku,B
18,19,77,1.278,1.562,2.272,kapacita × podiel stravníkov × jedál za deň × koeficient × dní v roku,B
19,20,77,1.278,1.562,2.272,kapacita × podiel stravníkov × jedál za deň × koeficient × dní v roku,B
20,21,77,1.278,1.562,2.272,kapacita × podiel stravníkov × jedál za deň × koeficient × dní v roku,B
21,22,77,1.278,1.562,2.272,kapacita × podiel stravníkov × jedál za deň × koeficient × dní v roku,B
22,92,77,1.278,1.562,2.272,kapacita × podiel stravníkov × jedál za deň × koeficient × dní v roku,B
23,102,77,1.278,1.562,2.272,kapacita × podiel stravníkov × jedál za deň × koeficient × dní v roku,B
24,103,77,1.278,1.562,2.272,kapacita × podiel stravníkov × jedál za deň × koeficient × dní v roku,B
25,119,77,1.278,1.562,2.272,kapacita × podiel stravníkov × jedál za deň × koeficient × dní v roku,B
26,123,77,1.278,1.562,2.272,kapacita × podiel stravníkov × jedál za deň × koeficient × dní v roku,B
27,125,77,1.278,1.562,2.272,kapacita × podiel stravníkov × jedál za deň × koeficient × dní v roku,B
28,129,77,1.278,1.562,2.272,kapacita × podiel stravníkov × jedál za deň × koeficient × dní v roku,B
29,130,77,1.278,1.562,2.272,kapacita × podiel stravníkov × jedál za deň × koeficient × dní v roku,B
30,131,77,1.278,1.562,2.272,kapacita × podiel stravníkov × jedál za deň × koeficient × dní v roku,B
31,153,77,1.278,1.562,2.272,kapacita × podiel stravníkov × jedál za deň × koeficient × dní v roku,B
32,165,77,1.278,1.562,2.272,kapacita × podiel stravníkov × jedál za deň × koeficient × dní v roku,B
33,172,77,1.278,1.562,2.272,kapacita × podiel stravníkov × jedál za deň × koeficient × dní v roku,B
34,173,77,1.278,1.562,2.272,kapacita × podiel stravníkov × jedál za deň × koeficient × dní v roku,B
35,174,77,1.278,1.562,2.272,kapacita × podiel stravníkov × jedál za deň × koeficient × dní v roku,B
36,175,77,1.278,1.562,2.272,kapacita × podiel stravníkov × jedál za deň × koeficient × dní v roku,B
37,179,77,1.278,1.562,2.272,kapacita × podiel stravníkov × jedál za deň × koeficient × dní v roku,B
38,180,77,1.278,1.562,2.272,kapacita × podiel stravníkov × jedál za deň × koeficient × dní v roku,B
39,181,77,1.278,1.562,2.272,kapacita × podiel stravníkov × jedál za deň × koeficient × dní v roku,B
40,182,77,1.278,1.562,2.272,kapacita × podiel stravníkov × jedál za deň × koeficient × dní v roku,B
41,183,77,1.278,1.562,2.272,kapacita × podiel stravníkov × jedál za deň × koeficient × dní v roku,B
42,187,77,1.449,1.771,2.576,kapacita × podiel stravníkov × jedál za deň × koeficient × dní v roku,B
43,189,77,1.278,1.562,2.272,kapacita × podiel stravníkov × jedál za deň × koeficient × dní v roku,B
44,192,77,1.278,1.562,2.272,kapacita × podiel stravníkov × jedál za deň × koeficient × dní v roku,B
45,207,77,1.278,1.562,2.272,kapacita × podiel stravníkov × jedál za deň × koeficient × dní v roku,B
46,215,77,1.278,1.562,2.272,kapacita × podiel stravníkov × jedál za deň × koeficient × dní v roku,B
47,218,77,1.932,2.362,3.435,kapacita × podiel stravníkov × jedál za deň × koeficient × dní v roku,B
48,219,77,1.257,1.536,2.234,kapacita × podiel stravníkov × jedál za deň × koeficient × dní v roku,C
49,220,77,1.449,1.771,2.576,kapacita × podiel stravníkov × jedál za deň × koeficient × dní v roku,B
50,221,77,1.278,1.562,2.272,kapacita × podiel stravníkov × jedál za deň × koeficient × dní v roku,B
51,230,77,1.278,1.562,2.272,kapacita × podiel stravníkov × jedál za deň × koeficient × dní v roku,B
52,233,79,20.147,26.863,32.739,kapacita × podiel stravníkov × jedál za deň × koeficient × dní v roku,B
53,294,77,1.449,1.771,2.576,kapacita × podiel stravníkov × jedál za deň × koeficient × dní v roku,B
54,295,77,1.449,1.771,2.576,kapacita × podiel stravníkov × jedál za deň × koeficient × dní v roku,B
55,296,77,1.449,1.771,2.576,kapacita × podiel stravníkov × jedál za deň × koeficient × dní v roku,B
56,297,77,1.449,1.771,2.576,kapacita × podiel stravníkov × jedál za deň × koeficient × dní v roku,B
57,299,77,1.449,1.771,2.576,kapacita × podiel stravníkov × jedál za deň × koeficient × dní v roku,B
58,300,77,1.257,1.536,2.234,kapacita × podiel stravníkov × jedál za deň × koeficient × dní v roku,C
59,301,77,1.449,1.771,2.576,kapacita × podiel stravníkov × jedál za deň × koeficient × dní v roku,B
60,302,77,1.449,1.771,2.576,kapacita × podiel stravníkov × jedál za deň × koeficient × dní v roku,B
61,303,77,1.449,1.771,2.576,kapacita × podiel stravníkov × jedál za deň × koeficient × dní v roku,B
62,304,77,1.449,1.771,2.576,kapacita × podiel stravníkov × jedál za deň × koeficient × dní v roku,B
63,305,77,1.257,1.536,2.234,kapacita × podiel stravníkov × jedál za deň × koeficient × dní v roku,C
64,306,77,1.449,1.771,2.576,kapacita × podiel stravníkov × jedál za deň × koeficient × dní v roku,B
65,307,77,1.449,1.771,2.576,kapacita × podiel stravníkov × jedál za deň × koeficient × dní v roku,B
66,308,77,1.932,2.362,3.435,kapacita × podiel stravníkov × jedál za deň × koeficient × dní v roku,B
67,313,77,1.278,1.562,2.272,kapacita × podiel stravníkov × jedál za deň × koeficient × dní v roku,B
68,314,79,20.147,26.863,32.739,kapacita × podiel stravníkov × jedál za deň × koeficient × dní v roku,B
69,350,77,1.449,1.771,2.576,kapacita × podiel stravníkov × jedál za deň × koeficient × dní v roku,B
70,351,77,1.449,1.771,2.576,kapacita × podiel stravníkov × jedál za deň × koeficient × dní v roku,B
71,352,77,1.449,1.771,2.576,kapacita × podiel stravníkov × jedál za deň × koeficient × dní v roku,B
72,353,77,1.932,2.362,3.435,kapacita × podiel stravníkov × jedál za deň × koeficient × dní v roku,B
73,354,77,1.932,2.362,3.435,kapacita × podiel stravníkov × jedál za deň × koeficient × dní v roku,B
74,355,77,1.932,2.362,3.435,kapacita × podiel stravníkov × jedál za deň × koeficient × dní v roku,B
75,356,77,1.449,1.771,2.576,kapacita × podiel stravníkov × jedál za deň × koeficient × dní v roku,B
76,357,77,1.449,1.771,2.576,kapacita × podiel stravníkov × jedál za deň × koeficient × dní v roku,B
77,358,77,1.932,2.362,3.435,kapacita × podiel stravníkov × jedál za deň × koeficient × dní v roku,B
78,359,77,1.932,2.362,3.435,kapacita × podiel stravníkov × jedál za deň × koeficient × dní v roku,B
79,360,77,1.449,1.771,2.576,kapacita × podiel stravníkov × jedál za deň × koeficient × dní v roku,B
80,361,77,1.449,1.771,2.576,kapacita × podiel stravníkov × jedál za deň × koeficient × dní v roku,B
81,362,77,1.257,1.536,2.234,kapacita × podiel stravníkov × jedál za deň × koeficient × dní v roku,C
82,363,77,1.278,1.562,2.272,kapacita × podiel stravníkov × jedál za deň × koeficient × dní v roku,B
83,364,77,1.278,1.562,2.272,kapacita × podiel stravníkov × jedál za deň × koeficient × dní v roku,B
84,365,77,1.449,1.771,2.576,kapacita × podiel stravníkov × jedál za deň × koeficient × dní v roku,B
85,366,77,1.257,1.536,2.234,kapacita × podiel stravníkov × jedál za deň × koeficient × dní v roku,C
86,367,79,20.147,26.863,32.739,kapacita × podiel stravníkov × jedál za deň × koeficient × dní v roku,B
87,368,79,20.147,26.863,32.739,kapacita × podiel stravníkov × jedál za deň × koeficient × dní v roku,B
88,370,77,1.278,1.562,2.272,kapacita × podiel stravníkov × jedál za deň × koeficient × dní v roku,B
89,371,77,1.278,1.562,2.272,kapacita × podiel stravníkov × jedál za deň × koeficient × dní v roku,B
90,398,77,1.449,1.771,2.576,kapacita × podiel stravníkov × jedál za deň × koeficient × dní v roku,B
91,399,77,1.449,1.771,2.576,kapacita × podiel stravníkov × jedál za deň × koeficient × dní v roku,B
92,400,77,1.449,1.771,2.576,kapacita × podiel stravníkov × jedál za deň × koeficient × dní v roku,B
93,414,77,1.449,1.771,2.576,kapacita × podiel stravníkov × jedál za deň × koeficient × dní v roku,B
94,415,79,20.147,26.863,32.739,kapacita × podiel stravníkov × jedál za deň × koeficient × dní v roku,B
95,416,79,20.147,26.863,32.739,kapacita × podiel stravníkov × jedál za deň × koeficient × dní v roku,B
96,418,77,1.449,1.771,2.576,kapacita × podiel stravníkov × jedál za deň × koeficient × dní v roku,B
97,419,77,1.449,1.771,2.576,kapacita × podiel stravníkov × jedál za deň × koeficient × dní v roku,B
98,420,77,1.278,1.562,2.272,kapacita × podiel stravníkov × jedál za deň × koeficient × dní v roku,B
99,421,77,1.449,1.771,2.576,kapacita × podiel stravníkov × jedál za deň × koeficient × dní v roku,B
100,422,77,1.278,1.562,2.272,kapacita × podiel stravníkov × jedál za deň × koeficient × dní v roku,B
101,424,79,20.147,26.863,32.739,kapacita × podiel stravníkov × jedál za deň × koeficient × dní v roku,B
102,425,77,1.449,1.771,2.576,kapacita × podiel stravníkov × jedál za deň × koeficient × dní v roku,B
103,426,77,1.449,1.771,2.576,kapacita × podiel stravníkov × jedál za deň × koeficient × dní v roku,B
104,427,77,1.257,1.536,2.234,kapacita × podiel stravníkov × jedál za deň × koeficient × dní v roku,C
105,428,77,1.257,1.536,2.234,kapacita × podiel stravníkov × jedál za deň × koeficient × dní v roku,C
106,429,77,1.257,1.536,2.234,kapacita × podiel stravníkov × jedál za deň × koeficient × dní v roku,C
107,430,77,1.257,1.536,2.234,kapacita × podiel stravníkov × jedál za deň × koeficient × dní v roku,C
108,431,77,1.257,1.536,2.234,kapacita × podiel stravníkov × jedál za deň × koeficient × dní v roku,C
109,432,77,1.278,1.562,2.272,kapacita × podiel stravníkov × jedál za deň × koeficient × dní v roku,B
110,433,77,1.449,1.771,2.576,kapacita × podiel stravníkov × jedál za deň × koeficient × dní v roku,B
111,435,79,20.147,26.863,32.739,kapacita × podiel stravníkov × jedál za deň × koeficient × dní v roku,B
112,437,79,20.147,26.863,32.739,kapacita × podiel stravníkov × jedál za deň × koeficient × dní v roku,B
113,472,79,20.147,26.863,32.739,kapacita × podiel stravníkov × jedál za deň × koeficient × dní v roku,B
114,474,79,20.147,26.863,32.739,kapacita × podiel stravníkov × jedál za deň × koeficient × dní v roku,B
115,498,79,20.147,26.863,32.739,kapacita × podiel stravníkov × jedál za deň × koeficient × dní v roku,B
116,499,79,20.147,26.863,32.739,kapacita × podiel stravníkov × jedál za deň × koeficient × dní v roku,B
117,518,79,20.147,26.863,32.739,kapacita × podiel stravníkov × jedál za deň × koeficient × dní v roku,B
118,519,79,20.147,26.863,32.739,kapacita × podiel stravníkov × jedál za deň × koeficient × dní v roku,B
119,520,79,20.147,26.863,32.739,kapacita × podiel stravníkov × jedál za deň × koeficient × dní v roku,B
120,521,79,20.147,26.863,32.739,kapacita × podiel stravníkov × jedál za deň × koeficient × dní v roku,B
121,534,77,1.278,1.562,2.272,kapacita × podiel stravníkov × jedál za deň × koeficient × dní v roku,B
122,545,79,20.147,26.863,32.739,kapacita × podiel stravníkov × jedál za deň × koeficient × dní v roku,B
123,562,77,1.278,1.562,2.272,kapacita × podiel stravníkov × jedál za deň × koeficient × dní v roku,B
124,563,77,1.449,1.771,2.576,kapacita × podiel stravníkov × jedál za deň × koeficient × dní v roku,B
125,564,77,1.449,1.771,2.576,kapacita × podiel stravníkov × jedál za deň × koeficient × dní v roku,B
126,565,77,1.449,1.771,2.576,kapacita × podiel stravníkov × jedál za deň × koeficient × dní v roku,B
127,566,77,1.449,1.771,2.576,kapacita × podiel stravníkov × jedál za deň × koeficient × dní v roku,B
128,567,77,1.449,1.771,2.576,kapacita × podiel stravníkov × jedál za deň × koeficient × dní v roku,B
129,568,77,1.449,1.771,2.576,kapacita × podiel stravníkov × jedál za deň × koeficient × dní v roku,B
130,569,77,1.449,1.771,2.576,kapacita × podiel stravníkov × jedál za deň × koeficient × dní v roku,B
131,570,77,1.449,1.771,2.576,kapacita × podiel stravníkov × jedál za deň × koeficient × dní v roku,B
132,571,77,1.932,2.362,3.435,kapacita × podiel stravníkov × jedál za deň × koeficient × dní v roku,B
133,572,77,1.257,1.536,2.234,kapacita × podiel stravníkov × jedál za deň × koeficient × dní v roku,C
134,573,77,1.257,1.536,2.234,kapacita × podiel stravníkov × jedál za deň × koeficient × dní v roku,C
135,574,77,1.257,1.536,2.234,kapacita × podiel stravníkov × jedál za deň × koeficient × dní v roku,C
136,575,77,1.257,1.536,2.234,kapacita × podiel stravníkov × jedál za deň × koeficient × dní v roku,C
137,577,77,1.449,1.771,2.576,kapacita × podiel stravníkov × jedál za deň × koeficient × dní v roku,B
138,578,77,1.449,1.771,2.576,kapacita × podiel stravníkov × jedál za deň × koeficient × dní v roku,B
139,579,77,1.449,1.771,2.576,kapacita × podiel stravníkov × jedál za deň × koeficient × dní v roku,B
140,580,77,1.449,1.771,2.576,kapacita × podiel stravníkov × jedál za deň × koeficient × dní v roku,B
141,581,77,1.449,1.771,2.576,kapacita × podiel stravníkov × jedál za deň × koeficient × dní v roku,B
142,582,77,1.449,1.771,2.576,kapacita × podiel stravníkov × jedál za deň × koeficient × dní v roku,B
143,583,77,1.449,1.771,2.576,kapacita × podiel stravníkov × jedál za deň × koeficient × dní v roku,B
144,584,77,1.449,1.771,2.576,kapacita × podiel stravníkov × jedál za deň × koeficient × dní v roku,B
145,585,77,1.449,1.771,2.576,kapacita × podiel stravníkov × jedál za deň × koeficient × dní v roku,B
146,586,77,1.449,1.771,2.576,kapacita × podiel stravníkov × jedál za deň × koeficient × dní v roku,B
147,587,77,1.449,1.771,2.576,kapacita × podiel stravníkov × jedál za deň × koeficient × dní v roku,B
148,588,77,1.257,1.536,2.234,kapacita × podiel stravníkov × jedál za deň × koeficient × dní v roku,C
149,589,77,1.257,1.536,2.234,kapacita × podiel stravníkov × jedál za deň × koeficient × dní v roku,C
150,590,77,1.257,1.536,2.234,kapacita × podiel stravníkov × jedál za deň × koeficient × dní v roku,C
151,591,77,1.257,1.536,2.234,kapacita × podiel stravníkov × jedál za deň × koeficient × dní v roku,C
152,592,77,1.257,1.536,2.234,kapacita × podiel stravníkov × jedál za deň × koeficient × dní v roku,C
153,593,77,1.257,1.536,2.234,kapacita × podiel stravníkov × jedál za deň × koeficient × dní v roku,C
154,594,77,1.932,2.362,3.435,kapacita × podiel stravníkov × jedál za deň × koeficient × dní v roku,B
155,595,77,1.449,1.771,2.576,kapacita × podiel stravníkov × jedál za deň × koeficient × dní v roku,B
156,596,77,1.257,1.536,2.234,kapacita × podiel stravníkov × jedál za deň × koeficient × dní v roku,C
157,597,77,1.932,2.362,3.435,kapacita × podiel stravníkov × jedál za deň × koeficient × dní v roku,B
158,598,77,1.257,1.536,2.234,kapacita × podiel stravníkov × jedál za deň × koeficient × dní v roku,C
159,599,77,1.449,1.771,2.576,kapacita × podiel stravníkov × jedál za deň × koeficient × dní v roku,B
160,600,77,1.257,1.536,2.234,kapacita × podiel stravníkov × jedál za deň × koeficient × dní v roku,C
161,601,77,1.449,1.771,2.576,kapacita × podiel stravníkov × jedál za deň × koeficient × dní v roku,B
162,602,77,1.449,1.771,2.576,kapacita × podiel stravníkov × jedál za deň × koeficient × dní v roku,B
163,603,77,1.449,1.771,2.576,kapacita × podiel stravníkov × jedál za deň × koeficient × dní v roku,B
164,604,77,1.449,1.771,2.576,kapacita × podiel stravníkov × jedál za deň × koeficient × dní v roku,B
165,605,77,1.257,1.536,2.234,kapacita × podiel stravníkov × jedál za deň × koeficient × dní v roku,C
166,606,77,1.449,1.771,2.576,kapacita × podiel stravníkov × jedál za deň × koeficient × dní v roku,B
167,607,77,1.257,1.536,2.234,kapacita × podiel stravníkov × jedál za deň × koeficient × dní v roku,C
168,608,77,1.278,1.562,2.272,kapacita × podiel stravníkov × jedál za deň × koeficient × dní v roku,B
169,609,77,1.278,1.562,2.272,kapacita × podiel stravníkov × jedál za deň × koeficient × dní v roku,B
170,610,77,1.449,1.771,2.576,kapacita × podiel stravníkov × jedál za deň × koeficient × dní v roku,B
171,611,79,20.147,26.863,32.739,kapacita × podiel stravníkov × jedál za deň × koeficient × dní v roku,B
172,612,79,20.147,26.863,32.739,kapacita × podiel stravníkov × jedál za deň × koeficient × dní v roku,B
173,613,77,1.932,2.362,3.435,kapacita × podiel stravníkov × jedál za deň × koeficient × dní v roku,B
174,615,77,1.257,1.536,2.234,kapacita × podiel stravníkov × jedál za deň × koeficient × dní v roku,C
175,616,77,1.257,1.536,2.234,kapacita × podiel stravníkov × jedál za deň × koeficient × dní v roku,C
176,617,77,1.257,1.536,2.234,kapacita × podiel stravníkov × jedál za deň × koeficient × dní v roku,C
177,618,77,1.257,1.536,2.234,kapacita × podiel stravníkov × jedál za deň × koeficient × dní v roku,C
178,619,77,1.257,1.536,2.234,kapacita × podiel stravníkov × jedál za deň × koeficient × dní v roku,C
179,620,77,1.257,1.536,2.234,kapacita × podiel stravníkov × jedál za deň × koeficient × dní v roku,C
180,621,77,1.278,1.562,2.272,kapacita × podiel stravníkov × jedál za deň × koeficient × dní v roku,B
181,622,77,1.257,1.536,2.234,kapacita × podiel stravníkov × jedál za deň × koeficient × dní v roku,C
182,624,77,1.278,1.562,2.272,kapacita × podiel stravníkov × jedál za deň × koeficient × dní v roku,B
183,625,77,1.278,1.562,2.272,kapacita × podiel stravníkov × jedál za deň × koeficient × dní v roku,B
184,626,77,1.278,1.562,2.272,kapacita × podiel stravníkov × jedál za deň × koeficient × dní v roku,B
185,627,77,1.278,1.562,2.272,kapacita × podiel stravníkov × jedál za deň × koeficient × dní v roku,B
186,628,77,1.257,1.536,2.234,kapacita × podiel stravníkov × jedál za deň × koeficient × dní v roku,C
187,629,77,1.932,2.362,3.435,kapacita × podiel stravníkov × jedál za deň × koeficient × dní v roku,B
188,631,79,20.147,26.863,32.739,kapacita × podiel stravníkov × jedál za deň × koeficient × dní v roku,B
189,632,77,1.257,1.536,2.234,kapacita × podiel stravníkov × jedál za deň × koeficient × dní v roku,C
190,633,77,1.278,1.562,2.272,kapacita × podiel stravníkov × jedál za deň × koeficient × dní v roku,B
191,634,77,1.257,1.536,2.234,kapacita × podiel stravníkov × jedál za deň × koeficient × dní v roku,C
192,635,77,1.257,1.536,2.234,kapacita × podiel stravníkov × jedál za deň × koeficient × dní v roku,C
193,636,77,1.257,1.536,2.234,kapacita × podiel stravníkov × jedál za deň × koeficient × dní v roku,C
194,637,79,20.147,26.863,32.739,kapacita × podiel stravníkov × jedál za deň × koeficient × dní v roku,B
195,642,77,1.449,1.771,2.576,kapacita × podiel stravníkov × jedál za deň × koeficient × dní v roku,B
196,643,77,1.257,1.536,2.234,kapacita × podiel stravníkov × jedál za deň × koeficient × dní v roku,C
197,653,77,1.278,1.562,2.272,kapacita × podiel stravníkov × jedál za deň × koeficient × dní v roku,B
198,655,77,1.278,1.562,2.272,kapacita × podiel stravníkov × jedál za deň × koeficient × dní v roku,B
199,656,77,1.257,1.536,2.234,kapacita × podiel stravníkov × jedál za deň × koeficient × dní v roku,C
200,657,77,1.278,1.562,2.272,kapacita × podiel stravníkov × jedál za deň × koeficient × dní v roku,B
201,659,77,1.257,1.536,2.234,kapacita × podiel stravníkov × jedál za deň × koeficient × dní v roku,C
202,661,77,1.278,1.562,2.272,kapacita × podiel stravníkov × jedál za deň × koeficient × dní v roku,B
203,662,77,1.278,1.562,2.272,kapacita × podiel stravníkov × jedál za deň × koeficient × dní v roku,B
204,664,77,1.257,1.536,2.234,kapacita × podiel stravníkov × jedál za deň × koeficient × dní v roku,C
205,665,77,1.278,1.562,2.272,kapacita × podiel stravníkov × jedál za deň × koeficient × dní v roku,B
206,666,77,1.278,1.562,2.272,kapacita × podiel stravníkov × jedál za deň × koeficient × dní v roku,B
207,667,77,1.278,1.562,2.272,kapacita × podiel stravníkov × jedál za deň × koeficient × dní v roku,B
208,672,77,1.278,1.562,2.272,kapacita × podiel stravníkov × jedál za deň × koeficient × dní v roku,B
209,673,77,1.278,1.562,2.272,kapacita × podiel stravníkov × jedál za deň × koeficient × dní v roku,B
210,674,77,1.257,1.536,2.234,kapacita × podiel stravníkov × jedál za deň × koeficient × dní v roku,C
211,676,77,1.257,1.536,2.234,kapacita × podiel stravníkov × jedál za deň × koeficient × dní v roku,C
212,678,77,1.278,1.562,2.272,kapacita × podiel stravníkov × jedál za deň × koeficient × dní v roku,B
213,679,77,1.257,1.536,2.234,kapacita × podiel stravníkov × jedál za deň × koeficient × dní v roku,C
214,680,77,1.932,2.362,3.435,kapacita × podiel stravníkov × jedál za deň × koeficient × dní v roku,B
215,681,77,1.278,1.562,2.272,kapacita × podiel stravníkov × jedál za deň × koeficient × dní v roku,B
216,682,77,1.932,2.362,3.435,kapacita × podiel stravníkov × jedál za deň × koeficient × dní v roku,B
217,683,77,1.278,1.562,2.272,kapacita × podiel stravníkov × jedál za deň × koeficient × dní v roku,B
218,684,77,1.278,1.562,2.272,kapacita × podiel stravníkov × jedál za deň × koeficient × dní v roku,B
219,685,77,1.278,1.562,2.272,kapacita × podiel stravníkov × jedál za deň × koeficient × dní v roku,B
220,687,77,1.932,2.362,3.435,kapacita × podiel stravníkov × jedál za deň × koeficient × dní v roku,B
221,688,77,1.932,2.362,3.435,kapacita × podiel stravníkov × jedál za deň × koeficient × dní v roku,B
222,689,77,1.257,1.536,2.234,kapacita × podiel stravníkov × jedál za deň × koeficient × dní v roku,C
223,690,77,1.257,1.536,2.234,kapacita × podiel stravníkov × jedál za deň × koeficient × dní v roku,C
224,691,77,1.278,1.562,2.272,kapacita × podiel stravníkov × jedál za deň × koeficient × dní v roku,B
225,692,77,1.257,1.536,2.234,kapacita × podiel stravníkov × jedál za deň × koeficient × dní v roku,C
226,693,77,1.932,2.362,3.435,kapacita × podiel stravníkov × jedál za deň × koeficient × dní v roku,B
227,694,77,1.257,1.536,2.234,kapacita × podiel stravníkov × jedál za deň × koeficient × dní v roku,C
228,699,77,1.278,1.562,2.272,kapacita × podiel stravníkov × jedál za deň × koeficient × dní v roku,B
229,701,77,1.257,1.536,2.234,kapacita × podiel stravníkov × jedál za deň × koeficient × dní v roku,C
230,712,79,20.147,26.863,32.739,kapacita × podiel stravníkov × jedál za deň × koeficient × dní v roku,B
231,732,79,20.147,26.863,32.739,kapacita × podiel stravníkov × jedál za deň × koeficient × dní v roku,B
232,733,79,20.147,26.863,32.739,kapacita × podiel stravníkov × jedál za deň × koeficient × dní v roku,B
233,734,79,20.147,26.863,32.739,kapacita × podiel stravníkov × jedál za deň × koeficient × dní v roku,B
234,739,79,20.147,26.863,32.739,kapacita × podiel stravníkov × jedál za deň × koeficient × dní v roku,B
235,750,79,20.147,26.863,32.739,kapacita × podiel stravníkov × jedál za deň × koeficient × dní v roku,B
236,751,77,1.278,1.562,2.272,kapacita × podiel stravníkov × jedál za deň × koeficient × dní v roku,B
237,765,79,20.147,26.863,32.739,kapacita × podiel stravníkov × jedál za deň × koeficient × dní v roku,B
238,772,79,20.147,26.863,32.739,kapacita × podiel stravníkov × jedál za deň × koeficient × dní v roku,B
239,774,79,20.147,26.863,32.739,kapacita × podiel stravníkov × jedál za deň × koeficient × dní v roku,B
240,794,79,20.147,26.863,32.739,kapacita × podiel stravníkov × jedál za deň × koeficient × dní v roku,B
241,856,79,20.147,26.863,32.739,kapacita × podiel stravníkov × jedál za deň × koeficient × dní v roku,B
242,857,79,20.147,26.863,32.739,kapacita × podiel stravníkov × jedál za deň × koeficient × dní v roku,B
243,858,79,20.147,26.863,32.739,kapacita × podiel stravníkov × jedál za deň × koeficient × dní v roku,B
244,859,79,20.147,26.863,32.739,kapacita × podiel stravníkov × jedál za deň × koeficient × dní v roku,B
245,863,77,1.278,1.562,2.272,kapacita × podiel stravníkov × jedál za deň × koeficient × dní v roku,B
246,914,79,20.147,26.863,32.739,kapacita × podiel stravníkov × jedál za deň × koeficient × dní v roku,B
247,920,77,1.449,1.771,2.576,kapacita × podiel stravníkov × jedál za deň × koeficient × dní v roku,B
248,935,77,1.932,2.362,3.435,kapacita × podiel stravníkov × jedál za deň × koeficient × dní v roku,B
249,944,77,1.278,1.562,2.272,kapacita × podiel stravníkov × jedál za deň × koeficient × dní v roku,B
250,945,77,1.257,1.536,2.234,kapacita × podiel stravníkov × jedál za deň × koeficient × dní v roku,C
251,946,77,1.932,2.362,3.435,kapacita × podiel stravníkov × jedál za deň × koeficient × dní v roku,B
252,956,77,1.278,1.562,2.272,kapacita × podiel stravníkov × jedál za deň × koeficient × dní v roku,B
253,958,77,1.257,1.536,2.234,kapacita × podiel stravníkov × jedál za deň × koeficient × dní v roku,C
254,959,77,1.278,1.562,2.272,kapacita × podiel stravníkov × jedál za deň × koeficient × dní v roku,B
255,964,77,1.257,1.536,2.234,kapacita × podiel stravníkov × jedál za deň × koeficient × dní v roku,C
256,965,77,1.257,1.536,2.234,kapacita × podiel stravníkov × jedál za deň × koeficient × dní v roku,C
257,968,77,1.278,1.562,2.272,kapacita × podiel stravníkov × jedál za deň × koeficient × dní v roku,B
258,977,77,1.278,1.562,2.272,kapacita × podiel stravníkov × jedál za deň × koeficient × dní v roku,B
259,978,77,1.278,1.562,2.272,kapacita × podiel stravníkov × jedál za deň × koeficient × dní v roku,B
260,979,77,1.257,1.536,2.234,kapacita × podiel stravníkov × jedál za deň × koeficient × dní v roku,C
261,980,77,1.278,1.562,2.272,kapacita × podiel stravníkov × jedál za deň × koeficient × dní v roku,B
262,982,77,1.278,1.562,2.272,kapacita × podiel stravníkov × jedál za deň × koeficient × dní v roku,B
263,983,77,1.278,1.562,2.272,kapacita × podiel stravníkov × jedál za deň × koeficient × dní v roku,B
264,984,77,1.278,1.562,2.272,kapacita × podiel stravníkov × jedál za deň × koeficient × dní v roku,B
265,985,77,1.278,1.562,2.272,kapacita × podiel stravníkov × jedál za deň × koeficient × dní v roku,B
266,986,77,1.278,1.562,2.272,kapacita × podiel stravníkov × jedál za deň × koeficient × dní v roku,B
267,989,77,1.932,2.362,3.435,kapacita × podiel stravníkov × jedál za deň × koeficient × dní v roku,B
268,990,77,1.449,1.771,2.576,kapacita × podiel stravníkov × jedál za deň × koeficient × dní v roku,B
269,991,77,1.449,1.771,2.576,kapacita × podiel stravníkov × jedál za deň × koeficient × dní v roku,B
270,992,77,1.257,1.536,2.234,kapacita × podiel stravníkov × jedál za deň × koeficient × dní v roku,C
271,993,77,1.257,1.536,2.234,kapacita × podiel stravníkov × jedál za deň × koeficient × dní v roku,C
272,994,77,1.257,1.536,2.234,kapacita × podiel stravníkov × jedál za deň × koeficient × dní v roku,C
273,995,77,1.257,1.536,2.234,kapacita × podiel stravníkov × jedál za deň × koeficient × dní v roku,C
274,1002,77,1.932,2.362,3.435,kapacita × podiel stravníkov × jedál za deň × koeficient × dní v roku,B
275,1005,77,1.932,2.362,3.435,kapacita × podiel stravníkov × jedál za deň × koeficient × dní v roku,B
276,1006,77,1.932,2.362,3.435,kapacita × podiel stravníkov × jedál za deň × koeficient × dní v roku,B
277,1007,77,1.932,2.362,3.435,kapacita × podiel stravníkov × jedál za deň × koeficient × dní v roku,B
278,1008,77,1.932,2.362,3.435,kapacita × podiel stravníkov × jedál za deň × koeficient × dní v roku,B
279,1011,77,1.932,2.362,3.435,kapacita × podiel stravníkov × jedál za deň × koeficient × dní v roku,B
280,1013,77,1.932,2.362,3.435,kapacita × podiel stravníkov × jedál za deň × koeficient × dní v roku,B
281,1023,77,1.932,2.362,3.435,kapacita × podiel stravníkov × jedál za deň × koeficient × dní v roku,B
282,1025,77,1.932,2.362,3.435,kapacita × podiel stravníkov × jedál za deň × koeficient × dní v roku,B
283,1029,77,1.932,2.362,3.435,kapacita × podiel stravníkov × jedál za deň × koeficient × dní v roku,B
284,1039,77,1.932,2.362,3.435,kapacita × podiel stravníkov × jedál za deň × koeficient × dní v roku,B
285,1040,77,1.932,2.362,3.435,kapacita × podiel stravníkov × jedál za deň × koeficient × dní v roku,B
286,1041,77,1.932,2.362,3.435,kapacita × podiel stravníkov × jedál za deň × koeficient × dní v roku,B
287,1042,77,1.932,2.362,3.435,kapacita × podiel stravníkov × jedál za deň × koeficient × dní v roku,B
288,1043,77,1.932,2.362,3.435,kapacita × podiel stravníkov × jedál za deň × koeficient × dní v roku,B
