ico,nazov,obec,okres,kraj,sektor,typ_nazov,kapacita,kapacita_jednotka,kapacita_uroven,odpad,katalogove_cislo_navrh,t_rok_min,t_rok_stred,t_rok_max
00159468,Stredná odborná škola agropotravinárska a technická,Kežmarok,Kežmarok,Prešovský,Gastro a stravovacie zariadenia,Stredná škola,299.0,žiak,typova,Kuchynský odpad zo školských jedální,20 01 08,1.278,1.562,2.272
00159476,"Stredná odborná škola podnikania a služieb, Komenského 16, Lipany",Lipany,Sabinov,Prešovský,Gastro a stravovacie zariadenia,Stredná škola,299.0,žiak,typova,Kuchynský odpad zo školských jedální,20 01 08,1.278,1.562,2.272
00159514,Stredná odborná škola služieb Majstra Pavla,Levoča,Levoča,Prešovský,Gastro a stravovacie zariadenia,Stredná škola,299.0,žiak,typova,Kuchynský odpad zo školských jedální,20 01 08,1.278,1.562,2.272
00160270,Gymnázium M. R. Štefánika,Nové Mesto nad Váhom,Nové Mesto nad Váhom,Trenčiansky,Gastro a stravovacie zariadenia,Stredná škola,299.0,žiak,typova,Kuchynský odpad zo školských jedální,20 01 08,1.278,1.562,2.272
00160482,Gymnázium Janka Kráľa,Zlaté Moravce,Zlaté Moravce,Nitriansky,Gastro a stravovacie zariadenia,Stredná škola,299.0,žiak,typova,Kuchynský odpad zo školských jedální,20 01 08,1.278,1.562,2.272
00160504,Gymnázium Jána Amosa Komenského,Želiezovce,Levice,Nitriansky,Gastro a stravovacie zariadenia,Stredná škola,299.0,žiak,typova,Kuchynský odpad zo školských jedální,20 01 08,1.278,1.562,2.272
00160539,Gymnázium Andreja Kmeťa,Banská Štiavnica,Banská Štiavnica,Banskobystrický,Gastro a stravovacie zariadenia,Stredná škola,299.0,žiak,typova,Kuchynský odpad zo školských jedální,20 01 08,1.278,1.562,2.272
00160717,Gymnázium Antona Bernoláka,Námestovo,Námestovo,Žilinský,Gastro a stravovacie zariadenia,Stredná škola,299.0,žiak,typova,Kuchynský odpad zo školských jedální,20 01 08,1.278,1.562,2.272
00160792,Gymnázium Ružomberok,Ružomberok,Ružomberok,Žilinský,Gastro a stravovacie zariadenia,Stredná škola,299.0,žiak,typova,Kuchynský odpad zo školských jedální,20 01 08,1.278,1.562,2.272
00160865,Gymnázium Ľudovíta Štúra,Zvolen,Zvolen,Banskobystrický,Gastro a stravovacie zariadenia,Stredná škola,299.0,žiak,typova,Kuchynský odpad zo školských jedální,20 01 08,1.278,1.562,2.272
00161021,Gymnázium Krompachy,Krompachy,Spišská Nová Ves,Košický,Gastro a stravovacie zariadenia,Stredná škola,299.0,žiak,typova,Kuchynský odpad zo školských jedální,20 01 08,1.278,1.562,2.272
00161098,Gymnázium Poprad,Poprad,Poprad,Prešovský,Gastro a stravovacie zariadenia,Stredná škola,299.0,žiak,typova,Kuchynský odpad zo školských jedální,20 01 08,1.278,1.562,2.272
00161101,Gymnázium Jána Adama Raymana,Prešov,Prešov,Prešovský,Gastro a stravovacie zariadenia,Stredná škola,299.0,žiak,typova,Kuchynský odpad zo školských jedální,20 01 08,1.278,1.562,2.272
00161110,Gymnázium Prešov,Prešov,Prešov,Prešovský,Gastro a stravovacie zariadenia,Stredná škola,299.0,žiak,typova,Kuchynský odpad zo školských jedální,20 01 08,1.278,1.562,2.272
00161144,Gymnázium Pavla Jozefa Šafárika,Rožňava,Rožňava,Košický,Gastro a stravovacie zariadenia,Stredná škola,299.0,žiak,typova,Kuchynský odpad zo školských jedální,20 01 08,1.278,1.562,2.272
00161268,Gymnázium Cyrila Daxnera,Vranov nad Topľou,Vranov nad Topľou,Prešovský,Gastro a stravovacie zariadenia,Stredná škola,299.0,žiak,typova,Kuchynský odpad zo školských jedální,20 01 08,1.278,1.562,2.272
00162787,"Stredná odborná škola pedagogická, Sokolská 6, Modra",Modra,Pezinok,Bratislavský,Gastro a stravovacie zariadenia,Stredná škola,299.0,žiak,typova,Kuchynský odpad zo školských jedální,20 01 08,1.278,1.562,2.272
00162809,"Stredná odborná škola pedagogická, Komenského 12, Lučenec",Lučenec,Lučenec,Banskobystrický,Gastro a stravovacie zariadenia,Stredná škola,299.0,žiak,typova,Kuchynský odpad zo školských jedální,20 01 08,1.278,1.562,2.272
00162817,"Stredná odborná škola pedagogická, SNP 509/116, Turčianske Teplice",Turčianske Teplice,Turčianske Teplice,Žilinský,Gastro a stravovacie zariadenia,Stredná škola,299.0,žiak,typova,Kuchynský odpad zo školských jedální,20 01 08,1.278,1.562,2.272
00162825,"Stredná odborná škola pedagogická, Kmeťovo stromoradie 5, Prešov",Prešov,Prešov,Prešovský,Gastro a stravovacie zariadenia,Stredná škola,299.0,žiak,typova,Kuchynský odpad zo školských jedální,20 01 08,1.278,1.562,2.272
00162833,"Stredná odborná škola pedagogická, Bottova 15A, Levoča",Levoča,Levoča,Prešovský,Gastro a stravovacie zariadenia,Stredná škola,299.0,žiak,typova,Kuchynský odpad zo školských jedální,20 01 08,1.278,1.562,2.272
00351997,Stredná odborná škola podnikania v remeslách a službách,Senica,Senica,Trnavský,Gastro a stravovacie zariadenia,Stredná škola,299.0,žiak,typova,Kuchynský odpad zo školských jedální,20 01 08,1.278,1.562,2.272
00399388,"Stredná odborná škola techniky a služieb, Šahy",Šahy,Levice,Nitriansky,Gastro a stravovacie zariadenia,Stredná škola,299.0,žiak,typova,Kuchynský odpad zo školských jedální,20 01 08,1.278,1.562,2.272
00399850,Gymnázium Juraja Fándlyho,Šaľa,Šaľa,Nitriansky,Gastro a stravovacie zariadenia,Stredná škola,299.0,žiak,typova,Kuchynský odpad zo školských jedální,20 01 08,1.278,1.562,2.272
00596680,Gymnázium Myjava,Myjava,Myjava,Trenčiansky,Gastro a stravovacie zariadenia,Stredná škola,299.0,žiak,typova,Kuchynský odpad zo školských jedální,20 01 08,1.278,1.562,2.272
00596868,"Stredná odborná škola techniky a služieb, Cintorínska 4, Nitra",Nitra,Nitra,Nitriansky,Gastro a stravovacie zariadenia,Stredná škola,299.0,žiak,typova,Kuchynský odpad zo školských jedální,20 01 08,1.278,1.562,2.272
00598071,Gymnázium Košice,Košice,Košice I,Košický,Gastro a stravovacie zariadenia,Stredná škola,299.0,žiak,typova,Kuchynský odpad zo školských jedální,20 01 08,1.278,1.562,2.272
00614866,Stredná odborná škola pedagogická sv. Márie Goretti,Čadca,Čadca,Žilinský,Gastro a stravovacie zariadenia,Stredná škola,299.0,žiak,typova,Kuchynský odpad zo školských jedální,20 01 08,1.278,1.562,2.272
00617652,"Stredná odborná škola obchodu a služieb, Rožňavská Baňa 211, Rožňava",Rožňava,Rožňava,Košický,Gastro a stravovacie zariadenia,Stredná škola,299.0,žiak,typova,Kuchynský odpad zo školských jedální,20 01 08,1.278,1.562,2.272
00617750,"Stredná odborná škola obchodu a služieb, Mierová 1973/79, Humenné",Humenné,Humenné,Prešovský,Gastro a stravovacie zariadenia,Stredná škola,299.0,žiak,typova,Kuchynský odpad zo školských jedální,20 01 08,1.278,1.562,2.272
00651117,"Stredná odborná škola dopravná, Rosinská 3126/2, Žilina",Žilina,Žilina,Žilinský,Gastro a stravovacie zariadenia,Stredná škola,299.0,žiak,typova,Kuchynský odpad zo školských jedální,20 01 08,1.278,1.562,2.272
00686981,"Súkromná stredná odborná škola služieb, Hviezdoslavova 11, Bardejov",Bardejov,Bardejov,Prešovský,Gastro a stravovacie zariadenia,Stredná škola,299.0,žiak,typova,Kuchynský odpad zo školských jedální,20 01 08,1.278,1.562,2.272
00893315,"Stredná odborná škola techniky a služieb, Pod amfiteátrom 7, Levice",Levice,Levice,Nitriansky,Gastro a stravovacie zariadenia,Stredná škola,299.0,žiak,typova,Kuchynský odpad zo školských jedální,20 01 08,1.278,1.562,2.272
00893331,"Stredná odborná škola informačných technológií, Ostrovského 1, Košice",Košice - mestská časť Juh,Košice IV,Košický,Gastro a stravovacie zariadenia,Stredná škola,299.0,žiak,typova,Kuchynský odpad zo školských jedální,20 01 08,1.278,1.562,2.272
00893692,Stredná odborná škola polytechnická a služieb arm. gen. L. Svobodu,Svidník,Svidník,Prešovský,Gastro a stravovacie zariadenia,Stredná škola,299.0,žiak,typova,Kuchynský odpad zo školských jedální,20 01 08,1.278,1.562,2.272
11882115,Súkromná stredná odborná škola obchodu a služieb s VJM,Mostová,Galanta,Trnavský,Gastro a stravovacie zariadenia,Stredná škola,299.0,žiak,typova,Kuchynský odpad zo školských jedální,20 01 08,1.278,1.562,2.272
17050111,Gymnázium Juraja Szondyho s VJM,Šahy,Levice,Nitriansky,Gastro a stravovacie zariadenia,Stredná škola,299.0,žiak,typova,Kuchynský odpad zo školských jedální,20 01 08,1.278,1.562,2.272
17050197,Gymnázium Karola Štúra,Modra,Pezinok,Bratislavský,Gastro a stravovacie zariadenia,Stredná škola,299.0,žiak,typova,Kuchynský odpad zo školských jedální,20 01 08,1.278,1.562,2.272
17050227,Gymnázium Janka Jesenského,Bánovce nad Bebravou,Bánovce nad Bebravou,Trenčiansky,Gastro a stravovacie zariadenia,Stredná škola,299.0,žiak,typova,Kuchynský odpad zo školských jedální,20 01 08,1.278,1.562,2.272
17053846,"Stredná odborná škola podnikania a služieb, Hattalova 968/33, Námestovo",Námestovo,Námestovo,Žilinský,Gastro a stravovacie zariadenia,Stredná škola,299.0,žiak,typova,Kuchynský odpad zo školských jedální,20 01 08,1.278,1.562,2.272
17053871,Stredná odborná škola kaderníctva a vizážistiky,Bratislava - mestská časť Ružinov,Bratislava II,Bratislavský,Gastro a stravovacie zariadenia,Stredná škola,299.0,žiak,typova,Kuchynský odpad zo školských jedální,20 01 08,1.278,1.562,2.272
17070503,"Základná škola s materskou školou pri zdravotníckom zariadení, Bardejovské kúpele 13",Bardejov,Bardejov,Prešovský,Gastro a stravovacie zariadenia,Základná škola,226.0,žiak,typova,Kuchynský odpad zo školských jedální,20 01 08,1.449,1.771,2.576
17078482,"Stredná odborná škola gastronómie a služieb, Prešov",Prešov,Prešov,Prešovský,Gastro a stravovacie zariadenia,Stredná škola,299.0,žiak,typova,Kuchynský odpad zo školských jedální,20 01 08,1.278,1.562,2.272
17151341,Gymnázium Michalovce,Michalovce,Michalovce,Košický,Gastro a stravovacie zariadenia,Stredná škola,299.0,žiak,typova,Kuchynský odpad zo školských jedální,20 01 08,1.278,1.562,2.272
30223423,"Spojená škola sv. Jozefa, Jašíkova 219, Turzovka",Turzovka,Čadca,Žilinský,Gastro a stravovacie zariadenia,Stredná škola,299.0,žiak,typova,Kuchynský odpad zo školských jedální,20 01 08,1.278,1.562,2.272
30797969,Súkromné gymnázium ESPRIT,Bratislava,Bratislava I,Bratislavský,Gastro a stravovacie zariadenia,Stredná škola,299.0,žiak,typova,Kuchynský odpad zo školských jedální,20 01 08,1.278,1.562,2.272
30847656,"Školská jedáleň pri 1. súkromnom gymnáziu, Bajkalská 20, Bratislava",Bratislava - mestská časť Ružinov,Bratislava II,Bratislavský,Gastro a stravovacie zariadenia,Školská jedáleň,226.0,stravník,typova,Kuchynský odpad zo školských jedální,20 01 08,1.932,2.362,3.435
30853711,"Materská škola, Linzbothova 9847/18, Bratislava",Bratislava - mestská časť Podunajské Biskupice,Bratislava II,Bratislavský,Gastro a stravovacie zariadenia,Materská škola,56.0,dieťa,typova,Kuchynský odpad zo školských jedální,20 01 08,1.257,1.536,2.234
30866065,"Základná škola s materskou školou, Pernek 285",Pernek,Malacky,Bratislavský,Gastro a stravovacie zariadenia,Základná škola,226.0,žiak,typova,Kuchynský odpad zo školských jedální,20 01 08,1.449,1.771,2.576
30868645,Súkromná stredná odborná škola pedagogická a sociálna,Bratislava - mestská časť Karlova Ves,Bratislava IV,Bratislavský,Gastro a stravovacie zariadenia,Stredná škola,299.0,žiak,typova,Kuchynský odpad zo školských jedální,20 01 08,1.278,1.562,2.272
31305288,Evanjelické gymnázium Jana Amosa Komenského,Košice,Košice I,Košický,Gastro a stravovacie zariadenia,Stredná škola,299.0,žiak,typova,Kuchynský odpad zo školských jedální,20 01 08,1.278,1.562,2.272
31386563,Univerzitná nemocnica AGEL Milosrdní bratia s. r. o.,Bratislava,Bratislava I,Bratislavský,Gastro a stravovacie zariadenia,Nemocnica,349.0,lôžko,typova,Kuchynský odpad zo zdravotníckych a sociálnych zariadení,20 01 08,20.147,26.863,32.739
31745041,"Základná škola, Podzáhradná 51, Bratislava",Bratislava - mestská časť Podunajské Biskupice,Bratislava II,Bratislavský,Gastro a stravovacie zariadenia,Základná škola,226.0,žiak,typova,Kuchynský odpad zo školských jedální,20 01 08,1.449,1.771,2.576
31748198,"Základná škola s materskou školou s VJM, Vetvárska 7, Bratislava",Bratislava - mestská časť Podunajské Biskupice,Bratislava II,Bratislavský,Gastro a stravovacie zariadenia,Základná škola,226.0,žiak,typova,Kuchynský odpad zo školských jedální,20 01 08,1.449,1.771,2.576
31748201,"Základná škola, Biskupická 21, Bratislava",Bratislava - mestská časť Podunajské Biskupice,Bratislava II,Bratislavský,Gastro a stravovacie zariadenia,Základná škola,226.0,žiak,typova,Kuchynský odpad zo školských jedální,20 01 08,1.449,1.771,2.576
31754929,"Základná škola, Černyševského 8, Bratislava",Bratislava - mestská časť Petržalka,Bratislava V,Bratislavský,Gastro a stravovacie zariadenia,Základná škola,226.0,žiak,typova,Kuchynský odpad zo školských jedální,20 01 08,1.449,1.771,2.576
31780741,"Základná škola, Bieloruská 1, Bratislava",Bratislava - mestská časť Podunajské Biskupice,Bratislava II,Bratislavský,Gastro a stravovacie zariadenia,Základná škola,226.0,žiak,typova,Kuchynský odpad zo školských jedální,20 01 08,1.449,1.771,2.576
31787045,"Materská škola, Estónska 5207/3, Bratislava",Bratislava - mestská časť Podunajské Biskupice,Bratislava II,Bratislavský,Gastro a stravovacie zariadenia,Materská škola,56.0,dieťa,typova,Kuchynský odpad zo školských jedální,20 01 08,1.257,1.536,2.234
31810268,"Základná škola s materskou školou, Kuchyňa 551",Kuchyňa,Malacky,Bratislavský,Gastro a stravovacie zariadenia,Základná škola,226.0,žiak,typova,Kuchynský odpad zo školských jedální,20 01 08,1.449,1.771,2.576
31810276,"Základná škola, Plavecký Štvrtok 351",Plavecký Štvrtok,Malacky,Bratislavský,Gastro a stravovacie zariadenia,Základná škola,226.0,žiak,typova,Kuchynský odpad zo školských jedální,20 01 08,1.449,1.771,2.576
31810292,"Základná škola, Školská ulica 7/19, Sološnica",Sološnica,Malacky,Bratislavský,Gastro a stravovacie zariadenia,Základná škola,226.0,žiak,typova,Kuchynský odpad zo školských jedální,20 01 08,1.449,1.771,2.576
31810543,"Základná škola s materskou školou, Budmerice 430",Budmerice,Pezinok,Bratislavský,Gastro a stravovacie zariadenia,Základná škola,226.0,žiak,typova,Kuchynský odpad zo školských jedální,20 01 08,1.449,1.771,2.576
31811523,"Materská škola, Hlavná 88, Gajary",Gajary,Malacky,Bratislavský,Gastro a stravovacie zariadenia,Materská škola,56.0,dieťa,typova,Kuchynský odpad zo školských jedální,20 01 08,1.257,1.536,2.234
31816924,"Základná škola s materskou školou, Studienka 222",Studienka,Malacky,Bratislavský,Gastro a stravovacie zariadenia,Základná škola,226.0,žiak,typova,Kuchynský odpad zo školských jedální,20 01 08,1.449,1.771,2.576
31817025,"Základná škola s materskou školou, Vištuk 44",Vištuk,Pezinok,Bratislavský,Gastro a stravovacie zariadenia,Základná škola,226.0,žiak,typova,Kuchynský odpad zo školských jedální,20 01 08,1.449,1.771,2.576
31817033,"Školská jedáleň, Školská 257, Dunajská Lužná",Dunajská Lužná,Senec,Bratislavský,Gastro a stravovacie zariadenia,Školská jedáleň,226.0,stravník,typova,Kuchynský odpad zo školských jedální,20 01 08,1.932,2.362,3.435
31897959,"Súkromná Spojená škola EDUCO, Námestovo",Námestovo,Námestovo,Žilinský,Gastro a stravovacie zariadenia,Stredná škola,299.0,žiak,typova,Kuchynský odpad zo školských jedální,20 01 08,1.278,1.562,2.272
31908969,"Nemocnica s poliklinikou Brezno, n.o.",Brezno,Brezno,Banskobystrický,Gastro a stravovacie zariadenia,Nemocnica,349.0,lôžko,typova,Kuchynský odpad zo zdravotníckych a sociálnych zariadení,20 01 08,20.147,26.863,32.739
35540915,"Špeciálna základná škola, Hviezdoslavova 164, Hrabušice",Hrabušice,Spišská Nová Ves,Košický,Gastro a stravovacie zariadenia,Základná škola,226.0,žiak,typova,Kuchynský odpad zo školských jedální,20 01 08,1.449,1.771,2.576
35541148,"Základná škola Mihálya Helmeczyho s VJM, Hunyadiho 1256/16, Kráľovský Chlmec",Kráľovský Chlmec,Trebišov,Košický,Gastro a stravovacie zariadenia,Základná škola,226.0,žiak,typova,Kuchynský odpad zo školských jedální,20 01 08,1.449,1.771,2.576
35541253,"Základná škola, Školská 339/2, Michaľany",Michaľany,Trebišov,Košický,Gastro a stravovacie zariadenia,Základná škola,226.0,žiak,typova,Kuchynský odpad zo školských jedální,20 01 08,1.449,1.771,2.576
35542756,"Školská jedáleň, Kežmarská 28, Košice",Košice - mestská časť Západ,Košice II,Košický,Gastro a stravovacie zariadenia,Školská jedáleň,226.0,stravník,typova,Kuchynský odpad zo školských jedální,20 01 08,1.932,2.362,3.435
35542764,"Školská jedáleň, Trebišovská 10, Košice",Košice - mestská časť Západ,Košice II,Košický,Gastro a stravovacie zariadenia,Školská jedáleň,226.0,stravník,typova,Kuchynský odpad zo školských jedální,20 01 08,1.932,2.362,3.435
35542772,"Školská jedáleň, Bernolákova 16, Košice",Košice - mestská časť Západ,Košice II,Košický,Gastro a stravovacie zariadenia,Školská jedáleň,226.0,stravník,typova,Kuchynský odpad zo školských jedální,20 01 08,1.932,2.362,3.435
35543647,"Základná škola, Pionierov 1, Rožňava",Rožňava,Rožňava,Košický,Gastro a stravovacie zariadenia,Základná škola,226.0,žiak,typova,Kuchynský odpad zo školských jedální,20 01 08,1.449,1.771,2.576
35543752,"Základná škola Eugena Ruffinyho, Zimná 190/144, Dobšiná",Dobšiná,Rožňava,Košický,Gastro a stravovacie zariadenia,Základná škola,226.0,žiak,typova,Kuchynský odpad zo školských jedální,20 01 08,1.449,1.771,2.576
35545666,"Školská jedáleň, Komenského 6, Sobrance",Sobrance,Sobrance,Košický,Gastro a stravovacie zariadenia,Školská jedáleň,226.0,stravník,typova,Kuchynský odpad zo školských jedální,20 01 08,1.932,2.362,3.435
35545674,"Školská jedáleň, Komenského 12, Sobrance",Sobrance,Sobrance,Košický,Gastro a stravovacie zariadenia,Školská jedáleň,226.0,stravník,typova,Kuchynský odpad zo školských jedální,20 01 08,1.932,2.362,3.435
35546069,"Základná škola, Z. Nejedlého 2, Spišská Nová Ves",Spišská Nová Ves,Spišská Nová Ves,Košický,Gastro a stravovacie zariadenia,Základná škola,226.0,žiak,typova,Kuchynský odpad zo školských jedální,20 01 08,1.449,1.771,2.576
35546484,"Základná škola, Mníšek nad Hnilcom 497",Mníšek nad Hnilcom,Gelnica,Košický,Gastro a stravovacie zariadenia,Základná škola,226.0,žiak,typova,Kuchynský odpad zo školských jedální,20 01 08,1.449,1.771,2.576
35559420,"Materská škola, Budapeštianska 1, Košice",Košice - mestská časť Sídlisko Ťahanovce,Košice I,Košický,Gastro a stravovacie zariadenia,Materská škola,56.0,dieťa,typova,Kuchynský odpad zo školských jedální,20 01 08,1.257,1.536,2.234
35560321,Gymnázium sv. Edity Steinovej,Košice,Košice I,Košický,Gastro a stravovacie zariadenia,Stredná škola,299.0,žiak,typova,Kuchynský odpad zo školských jedální,20 01 08,1.278,1.562,2.272
35564024,Stredná odborná škola pedagogická sv. Cyrila a Metoda,Košice - mestská časť Juh,Košice IV,Košický,Gastro a stravovacie zariadenia,Stredná škola,299.0,žiak,typova,Kuchynský odpad zo školských jedální,20 01 08,1.278,1.562,2.272
35564113,"Základná škola, SNP 13, Spišské Vlachy",Spišské Vlachy,Spišská Nová Ves,Košický,Gastro a stravovacie zariadenia,Základná škola,226.0,žiak,typova,Kuchynský odpad zo školských jedální,20 01 08,1.449,1.771,2.576
35566451,"Materská škola, Hlavná ulica 3, Krompachy",Krompachy,Spišská Nová Ves,Košický,Gastro a stravovacie zariadenia,Materská škola,56.0,dieťa,typova,Kuchynský odpad zo školských jedální,20 01 08,1.257,1.536,2.234
35581000,"Psychiatrická nemocnica Michalovce, n. o.",Michalovce,Michalovce,Košický,Gastro a stravovacie zariadenia,Nemocnica,349.0,lôžko,typova,Kuchynský odpad zo zdravotníckych a sociálnych zariadení,20 01 08,20.147,26.863,32.739
35582391,"Regionálna nemocnica Sobrance, n. o.",Sobrance,Sobrance,Košický,Gastro a stravovacie zariadenia,Nemocnica,349.0,lôžko,typova,Kuchynský odpad zo zdravotníckych a sociálnych zariadení,20 01 08,20.147,26.863,32.739
35630027,"Spojená škola, Školská 212, Sládkovičovo",Sládkovičovo,Galanta,Trnavský,Gastro a stravovacie zariadenia,Stredná škola,299.0,žiak,typova,Kuchynský odpad zo školských jedální,20 01 08,1.278,1.562,2.272
35630043,"Spojená škola, Jatočná 4, Skalica",Skalica,Skalica,Trnavský,Gastro a stravovacie zariadenia,Stredná škola,299.0,žiak,typova,Kuchynský odpad zo školských jedální,20 01 08,1.278,1.562,2.272
35984457,"Špeciálna základná škola, Za parkom 966, Veľký Krtíš",Veľký Krtíš,Veľký Krtíš,Banskobystrický,Gastro a stravovacie zariadenia,Základná škola,226.0,žiak,typova,Kuchynský odpad zo školských jedální,20 01 08,1.449,1.771,2.576
35991593,"Základná škola M. R. Štefánika, Haličská cesta 1191/8, Lučenec",Lučenec,Lučenec,Banskobystrický,Gastro a stravovacie zariadenia,Základná škola,226.0,žiak,typova,Kuchynský odpad zo školských jedální,20 01 08,1.449,1.771,2.576
35995904,"Základná škola Jana Amosa Komenského, Komenského 652/50, Púchov",Púchov,Púchov,Trenčiansky,Gastro a stravovacie zariadenia,Základná škola,226.0,žiak,typova,Kuchynský odpad zo školských jedální,20 01 08,1.449,1.771,2.576
36063959,"Základná škola Albína Brunovského, Obchodná ulica 7, Zohor",Zohor,Malacky,Bratislavský,Gastro a stravovacie zariadenia,Základná škola,226.0,žiak,typova,Kuchynský odpad zo školských jedální,20 01 08,1.449,1.771,2.576
36077739,"Špecializovaná nemocnica pre ortopedickú protetiku Bratislava, n.o.",Bratislava - mestská časť Ružinov,Bratislava II,Bratislavský,Gastro a stravovacie zariadenia,Nemocnica,349.0,lôžko,typova,Kuchynský odpad zo zdravotníckych a sociálnych zariadení,20 01 08,20.147,26.863,32.739
36083895,Nemocnica Piešťany n.f.,Piešťany,Piešťany,Trnavský,Gastro a stravovacie zariadenia,Nemocnica,349.0,lôžko,typova,Kuchynský odpad zo zdravotníckych a sociálnych zariadení,20 01 08,20.147,26.863,32.739
36090212,"Základná škola s materskou školou, Osloboditeľov 9, Červeník",Červeník,Hlohovec,Trnavský,Gastro a stravovacie zariadenia,Základná škola,226.0,žiak,typova,Kuchynský odpad zo školských jedální,20 01 08,1.449,1.771,2.576
36090361,"Základná škola s materskou školou s VJM, Tomášikovo 4",Tomášikovo,Galanta,Trnavský,Gastro a stravovacie zariadenia,Základná škola,226.0,žiak,typova,Kuchynský odpad zo školských jedální,20 01 08,1.449,1.771,2.576
36092479,Gymnázium Jána Baltazára Magina,Vrbové,Piešťany,Trnavský,Gastro a stravovacie zariadenia,Stredná škola,299.0,žiak,typova,Kuchynský odpad zo školských jedální,20 01 08,1.278,1.562,2.272
36094218,"Základná škola s materskou školou Sándora Petőfiho s VJM, Richterova 1171, Sládkovičovo",Sládkovičovo,Galanta,Trnavský,Gastro a stravovacie zariadenia,Základná škola,226.0,žiak,typova,Kuchynský odpad zo školských jedální,20 01 08,1.449,1.771,2.576
36094234,"Spojená škola, Školská 1087, Sládkovičovo",Sládkovičovo,Galanta,Trnavský,Gastro a stravovacie zariadenia,Stredná škola,299.0,žiak,typova,Kuchynský odpad zo školských jedální,20 01 08,1.278,1.562,2.272
36119385,"Nemocnica s poliklinikou Ilava, n. o.",Ilava,Ilava,Trenčiansky,Gastro a stravovacie zariadenia,Nemocnica,349.0,lôžko,typova,Kuchynský odpad zo zdravotníckych a sociálnych zariadení,20 01 08,20.147,26.863,32.739
36125784,"Základná škola s materskou školou, Slovanská 330/23, Púchov",Púchov,Púchov,Trenčiansky,Gastro a stravovacie zariadenia,Základná škola,226.0,žiak,typova,Kuchynský odpad zo školských jedální,20 01 08,1.449,1.771,2.576
36125938,"Základná škola s materskou školou Václava Mitúcha, Školská 368/2, Horné Srnie",Horné Srnie,Trenčín,Trenčiansky,Gastro a stravovacie zariadenia,Základná škola,226.0,žiak,typova,Kuchynský odpad zo školských jedální,20 01 08,1.449,1.771,2.576
36129470,"Materská škola, Poľovnícka 12, Nové Mesto nad Váhom",Nové Mesto nad Váhom,Nové Mesto nad Váhom,Trenčiansky,Gastro a stravovacie zariadenia,Materská škola,56.0,dieťa,typova,Kuchynský odpad zo školských jedální,20 01 08,1.257,1.536,2.234
36129682,"Materská škola, Chmelinec 1411/6, Púchov",Púchov,Púchov,Trenčiansky,Gastro a stravovacie zariadenia,Materská škola,56.0,dieťa,typova,Kuchynský odpad zo školských jedální,20 01 08,1.257,1.536,2.234
36129691,"Materská škola, Mládežnícka 1438/13, Púchov",Púchov,Púchov,Trenčiansky,Gastro a stravovacie zariadenia,Materská škola,56.0,dieťa,typova,Kuchynský odpad zo školských jedální,20 01 08,1.257,1.536,2.234
36129712,"Materská škola, Ľ. Štúra 5/5, Beluša",Beluša,Púchov,Trenčiansky,Gastro a stravovacie zariadenia,Materská škola,56.0,dieťa,typova,Kuchynský odpad zo školských jedální,20 01 08,1.257,1.536,2.234
36130974,"Materská škola, Požiarna 1292/11, Púchov",Púchov,Púchov,Trenčiansky,Gastro a stravovacie zariadenia,Materská škola,56.0,dieťa,typova,Kuchynský odpad zo školských jedální,20 01 08,1.257,1.536,2.234
36137430,Súkromná stredná odborná škola Pro scholaris,Žilina,Žilina,Žilinský,Gastro a stravovacie zariadenia,Stredná škola,299.0,žiak,typova,Kuchynský odpad zo školských jedální,20 01 08,1.278,1.562,2.272
36158950,"Základná škola, Školská 7/6, Toporec",Toporec,Kežmarok,Prešovský,Gastro a stravovacie zariadenia,Základná škola,226.0,žiak,typova,Kuchynský odpad zo školských jedální,20 01 08,1.449,1.771,2.576
36168165,Fakultná nemocnica AGEL Košice-Šaca a. s.,Košice,Košice I,Košický,Gastro a stravovacie zariadenia,Nemocnica,349.0,lôžko,typova,Kuchynský odpad zo zdravotníckych a sociálnych zariadení,20 01 08,20.147,26.863,32.739
36182672,Nemocnica AGEL Krompachy s.r.o.,Krompachy,Spišská Nová Ves,Košický,Gastro a stravovacie zariadenia,Nemocnica,349.0,lôžko,typova,Kuchynský odpad zo zdravotníckych a sociálnych zariadení,20 01 08,20.147,26.863,32.739
36339865,Nemocnica AGEL Handlová s.r.o.,Handlová,Prievidza,Trenčiansky,Gastro a stravovacie zariadenia,Nemocnica,349.0,lôžko,typova,Kuchynský odpad zo zdravotníckych a sociálnych zariadení,20 01 08,20.147,26.863,32.739
36348015,Nemocnica AGEL Bánovce s.r.o.,Bánovce nad Bebravou,Bánovce nad Bebravou,Trenčiansky,Gastro a stravovacie zariadenia,Nemocnica,349.0,lôžko,typova,Kuchynský odpad zo zdravotníckych a sociálnych zariadení,20 01 08,20.147,26.863,32.739
36509108,"Nemocnica Snina, s.r.o.",Snina,Snina,Prešovský,Gastro a stravovacie zariadenia,Nemocnica,349.0,lôžko,typova,Kuchynský odpad zo zdravotníckych a sociálnych zariadení,20 01 08,20.147,26.863,32.739
36513458,"Nemocnica Poprad, a.s.",Poprad,Poprad,Prešovský,Gastro a stravovacie zariadenia,Nemocnica,349.0,lôžko,typova,Kuchynský odpad zo zdravotníckych a sociálnych zariadení,20 01 08,20.147,26.863,32.739
36594849,Nemocnica AGEL Levoča a.s.,Levoča,Levoča,Prešovský,Gastro a stravovacie zariadenia,Nemocnica,349.0,lôžko,typova,Kuchynský odpad zo zdravotníckych a sociálnych zariadení,20 01 08,20.147,26.863,32.739
36597341,"Nemocnica s poliklinikou sv. Barbory Rožňava, a.s.",Rožňava,Rožňava,Košický,Gastro a stravovacie zariadenia,Nemocnica,349.0,lôžko,typova,Kuchynský odpad zo zdravotníckych a sociálnych zariadení,20 01 08,20.147,26.863,32.739
36597350,"Nemocnica s poliklinikou Spišská Nová Ves, a.s.",Spišská Nová Ves,Spišská Nová Ves,Košický,Gastro a stravovacie zariadenia,Nemocnica,349.0,lôžko,typova,Kuchynský odpad zo zdravotníckych a sociálnych zariadení,20 01 08,20.147,26.863,32.739
36597376,"Nemocnica s poliklinikou Trebišov, a.s.",Trebišov,Trebišov,Košický,Gastro a stravovacie zariadenia,Nemocnica,349.0,lôžko,typova,Kuchynský odpad zo zdravotníckych a sociálnych zariadení,20 01 08,20.147,26.863,32.739
36648701,1. Súkromné Banskobystrické gymnázium s.r.o.,Banská Bystrica,Banská Bystrica,Banskobystrický,Gastro a stravovacie zariadenia,Stredná škola,299.0,žiak,typova,Kuchynský odpad zo školských jedální,20 01 08,1.278,1.562,2.272
36713091,"Nemocnica s poliklinikou Hlohovec, s.r.o.",Hlohovec,Hlohovec,Trnavský,Gastro a stravovacie zariadenia,Nemocnica,349.0,lôžko,typova,Kuchynský odpad zo zdravotníckych a sociálnych zariadení,20 01 08,20.147,26.863,32.739
37796046,"Cirkevná spojená škola, Švermova 10, Snina",Snina,Snina,Prešovský,Gastro a stravovacie zariadenia,Stredná škola,299.0,žiak,typova,Kuchynský odpad zo školských jedální,20 01 08,1.278,1.562,2.272
37810421,"Základná škola Janka Kráľa, Žiarska 679/13, Liptovský Mikuláš",Liptovský Mikuláš,Liptovský Mikuláš,Žilinský,Gastro a stravovacie zariadenia,Základná škola,226.0,žiak,typova,Kuchynský odpad zo školských jedální,20 01 08,1.449,1.771,2.576
37810472,"Základná škola Miloša Janošku, Ul. čs. brigády 4, Liptovský Mikuláš",Liptovský Mikuláš,Liptovský Mikuláš,Žilinský,Gastro a stravovacie zariadenia,Základná škola,226.0,žiak,typova,Kuchynský odpad zo školských jedální,20 01 08,1.449,1.771,2.576
37810481,"Základná škola s materskou školou, Starojánska 11/11, Liptovský Ján",Liptovský Ján,Liptovský Mikuláš,Žilinský,Gastro a stravovacie zariadenia,Základná škola,226.0,žiak,typova,Kuchynský odpad zo školských jedální,20 01 08,1.449,1.771,2.576
37811711,"Základná škola Alexandra Dubčeka, Družstevná 11, Martin",Martin,Martin,Žilinský,Gastro a stravovacie zariadenia,Základná škola,226.0,žiak,typova,Kuchynský odpad zo školských jedální,20 01 08,1.449,1.771,2.576
37811860,"Základná škola, Nade Hejnej 4, Martin",Martin,Martin,Žilinský,Gastro a stravovacie zariadenia,Základná škola,226.0,žiak,typova,Kuchynský odpad zo školských jedální,20 01 08,1.449,1.771,2.576
37811894,"Základná škola s materskou školou, Podhájska 10A, Martin",Martin,Martin,Žilinský,Gastro a stravovacie zariadenia,Základná škola,226.0,žiak,typova,Kuchynský odpad zo školských jedální,20 01 08,1.449,1.771,2.576
37811924,"Základná škola, P. Mudroňa 3, Martin",Martin,Martin,Žilinský,Gastro a stravovacie zariadenia,Základná škola,226.0,žiak,typova,Kuchynský odpad zo školských jedální,20 01 08,1.449,1.771,2.576
37812009,"Základná škola s materskou školou, Priehradná 11, Martin",Martin,Martin,Žilinský,Gastro a stravovacie zariadenia,Základná škola,226.0,žiak,typova,Kuchynský odpad zo školských jedální,20 01 08,1.449,1.771,2.576
37812416,"Školská jedáleň, M. R. Štefánika 1, Vrútky",Vrútky,Martin,Žilinský,Gastro a stravovacie zariadenia,Školská jedáleň,226.0,stravník,typova,Kuchynský odpad zo školských jedální,20 01 08,1.932,2.362,3.435
37812556,"Materská škola, Horný Vadičov 515",Horný Vadičov,Kysucké Nové Mesto,Žilinský,Gastro a stravovacie zariadenia,Materská škola,56.0,dieťa,typova,Kuchynský odpad zo školských jedální,20 01 08,1.257,1.536,2.234
37812769,"Materská škola, Kysucký Lieskovec 309",Kysucký Lieskovec,Kysucké Nové Mesto,Žilinský,Gastro a stravovacie zariadenia,Materská škola,56.0,dieťa,typova,Kuchynský odpad zo školských jedální,20 01 08,1.257,1.536,2.234
37814036,"Materská škola, Pod brehom 207, Hruštín",Hruštín,Námestovo,Žilinský,Gastro a stravovacie zariadenia,Materská škola,56.0,dieťa,typova,Kuchynský odpad zo školských jedální,20 01 08,1.257,1.536,2.234
37815687,"Materská škola, Východná 715",Východná,Liptovský Mikuláš,Žilinský,Gastro a stravovacie zariadenia,Materská škola,56.0,dieťa,typova,Kuchynský odpad zo školských jedální,20 01 08,1.257,1.536,2.234
37828851,"Základná škola Lajosa Mocsáryho s VJM, Farská lúka 64/B, Fiľakovo",Fiľakovo,Lučenec,Banskobystrický,Gastro a stravovacie zariadenia,Základná škola,226.0,žiak,typova,Kuchynský odpad zo školských jedální,20 01 08,1.449,1.771,2.576
37831291,"Základná škola s materskou školou, Krivec 1355, Hriňová",Hriňová,Detva,Banskobystrický,Gastro a stravovacie zariadenia,Základná škola,226.0,žiak,typova,Kuchynský odpad zo školských jedální,20 01 08,1.449,1.771,2.576
37833472,"Základná škola s materskou školou Juraja Slávika Neresnického, Dobrá Niva",Dobrá Niva,Zvolen,Banskobystrický,Gastro a stravovacie zariadenia,Základná škola,226.0,žiak,typova,Kuchynský odpad zo školských jedální,20 01 08,1.449,1.771,2.576
37836374,"Základná škola s VJM - Alapiskola, Rohovce 106",Rohovce,Dunajská Streda,Trnavský,Gastro a stravovacie zariadenia,Základná škola,226.0,žiak,typova,Kuchynský odpad zo školských jedální,20 01 08,1.449,1.771,2.576
37836714,"Základná škola s materskou školou Istvána Széchenyiho s VJM, Hlavná 299, Horné Saliby",Horné Saliby,Galanta,Trnavský,Gastro a stravovacie zariadenia,Základná škola,226.0,žiak,typova,Kuchynský odpad zo školských jedální,20 01 08,1.449,1.771,2.576
37836781,"Základná škola s materskou školou, Na výhone 188/16, Moravany nad Váhom",Moravany nad Váhom,Piešťany,Trnavský,Gastro a stravovacie zariadenia,Základná škola,226.0,žiak,typova,Kuchynský odpad zo školských jedální,20 01 08,1.449,1.771,2.576
37838521,"Základná škola, Sasinkova 530/2, Kopčany",Kopčany,Michalovce,Košický,Gastro a stravovacie zariadenia,Základná škola,226.0,žiak,typova,Kuchynský odpad zo školských jedální,20 01 08,1.449,1.771,2.576
37840576,"Základná škola s materskou školou s VJM, Mostová 210",Mostová,Galanta,Trnavský,Gastro a stravovacie zariadenia,Základná škola,226.0,žiak,typova,Kuchynský odpad zo školských jedální,20 01 08,1.449,1.771,2.576
37840592,"Základná škola, Vinohrady nad Váhom 347",Vinohrady nad Váhom,Galanta,Trnavský,Gastro a stravovacie zariadenia,Základná škola,226.0,žiak,typova,Kuchynský odpad zo školských jedální,20 01 08,1.449,1.771,2.576
37840631,"Základná škola s materskou školou, Veľký Grob 382",Veľký Grob,Galanta,Trnavský,Gastro a stravovacie zariadenia,Základná škola,226.0,žiak,typova,Kuchynský odpad zo školských jedální,20 01 08,1.449,1.771,2.576
37840657,"Základná škola s materskou školou, Smolinské 407",Smolinské,Senica,Trnavský,Gastro a stravovacie zariadenia,Základná škola,226.0,žiak,typova,Kuchynský odpad zo školských jedální,20 01 08,1.449,1.771,2.576
37841491,"Materská škola, Nám. A. Hlinku 32, Cífer",Cífer,Trnava,Trnavský,Gastro a stravovacie zariadenia,Materská škola,56.0,dieťa,typova,Kuchynský odpad zo školských jedální,20 01 08,1.257,1.536,2.234
37842129,"Materská škola, Dr. Clementisa 59, Skalica",Skalica,Skalica,Trnavský,Gastro a stravovacie zariadenia,Materská škola,56.0,dieťa,typova,Kuchynský odpad zo školských jedální,20 01 08,1.257,1.536,2.234
37842323,"Materská škola, Štefana Majora 1393/175, Veľké Úľany",Veľké Úľany,Galanta,Trnavský,Gastro a stravovacie zariadenia,Materská škola,56.0,dieťa,typova,Kuchynský odpad zo školských jedální,20 01 08,1.257,1.536,2.234
37842382,"Materská škola, Lazová 926/5, Pata",Pata,Galanta,Trnavský,Gastro a stravovacie zariadenia,Materská škola,56.0,dieťa,typova,Kuchynský odpad zo školských jedální,20 01 08,1.257,1.536,2.234
37843061,"Materská škola, Radošovce 13",Radošovce,Skalica,Trnavský,Gastro a stravovacie zariadenia,Materská škola,56.0,dieťa,typova,Kuchynský odpad zo školských jedální,20 01 08,1.257,1.536,2.234
37844016,"Materská škola, Sídlisko 9. mája 322, Vrbové",Vrbové,Piešťany,Trnavský,Gastro a stravovacie zariadenia,Materská škola,56.0,dieťa,typova,Kuchynský odpad zo školských jedální,20 01 08,1.257,1.536,2.234
37847481,"Školská jedáleň, Štefana Majora 1444/83, Veľké Úľany",Veľké Úľany,Galanta,Trnavský,Gastro a stravovacie zariadenia,Školská jedáleň,226.0,stravník,typova,Kuchynský odpad zo školských jedální,20 01 08,1.932,2.362,3.435
37851888,"Základná škola s materskou školou Józsefa Bódisa s VJM, Čenkovce 95",Čenkovce,Dunajská Streda,Trnavský,Gastro a stravovacie zariadenia,Základná škola,226.0,žiak,typova,Kuchynský odpad zo školských jedální,20 01 08,1.449,1.771,2.576
37855735,"Materská škola, Dvorany nad Nitrou 22",Dvorany nad Nitrou,Topoľčany,Nitriansky,Gastro a stravovacie zariadenia,Materská škola,56.0,dieťa,typova,Kuchynský odpad zo školských jedální,20 01 08,1.257,1.536,2.234
37861077,"Školská jedáleň, Adyho 4, Štúrovo",Štúrovo,Nové Zámky,Nitriansky,Gastro a stravovacie zariadenia,Školská jedáleň,226.0,stravník,typova,Kuchynský odpad zo školských jedální,20 01 08,1.932,2.362,3.435
37863606,"Materská škola, Družstevná 22, Šaľa",Šaľa,Šaľa,Nitriansky,Gastro a stravovacie zariadenia,Materská škola,56.0,dieťa,typova,Kuchynský odpad zo školských jedální,20 01 08,1.257,1.536,2.234
37863894,"Základná škola s materskou školou Juraja Holčeka, Dolný Ohaj",Dolný Ohaj,Nové Zámky,Nitriansky,Gastro a stravovacie zariadenia,Základná škola,226.0,žiak,typova,Kuchynský odpad zo školských jedální,20 01 08,1.449,1.771,2.576
37864122,"Materská škola, MDŽ 26, Šurany",Šurany,Nové Zámky,Nitriansky,Gastro a stravovacie zariadenia,Materská škola,56.0,dieťa,typova,Kuchynský odpad zo školských jedální,20 01 08,1.257,1.536,2.234
37866672,"Základná škola s materskou školou, Dolný Jatov 189",Jatov,Nové Zámky,Nitriansky,Gastro a stravovacie zariadenia,Základná škola,226.0,žiak,typova,Kuchynský odpad zo školských jedální,20 01 08,1.449,1.771,2.576
37874004,"Základná škola s materskou školou, Pod papierňou 16A, Bardejov",Bardejov,Bardejov,Prešovský,Gastro a stravovacie zariadenia,Základná škola,226.0,žiak,typova,Kuchynský odpad zo školských jedální,20 01 08,1.449,1.771,2.576
37874021,"Základná škola, Wolkerova 10, Bardejov",Bardejov,Bardejov,Prešovský,Gastro a stravovacie zariadenia,Základná škola,226.0,žiak,typova,Kuchynský odpad zo školských jedální,20 01 08,1.449,1.771,2.576
37874217,"Základná škola s materskou školou, Spišské Hanušovce 66",Spišské Hanušovce,Kežmarok,Prešovský,Gastro a stravovacie zariadenia,Základná škola,226.0,žiak,typova,Kuchynský odpad zo školských jedální,20 01 08,1.449,1.771,2.576
37874314,"Materská škola, Školská 231/2, Huncovce",Huncovce,Kežmarok,Prešovský,Gastro a stravovacie zariadenia,Materská škola,56.0,dieťa,typova,Kuchynský odpad zo školských jedální,20 01 08,1.257,1.536,2.234
37876457,"Základná škola s materskou školou, Školská 42/22, Vikartovce",Vikartovce,Poprad,Prešovský,Gastro a stravovacie zariadenia,Základná škola,226.0,žiak,typova,Kuchynský odpad zo školských jedální,20 01 08,1.449,1.771,2.576
37876643,"Materská škola, Duk. hrdinov 2078/13, Snina",Snina,Snina,Prešovský,Gastro a stravovacie zariadenia,Materská škola,56.0,dieťa,typova,Kuchynský odpad zo školských jedální,20 01 08,1.257,1.536,2.234
37876899,"Spojená škola, Letná ulica 3453/34, Poprad",Poprad,Poprad,Prešovský,Gastro a stravovacie zariadenia,Stredná škola,299.0,žiak,typova,Kuchynský odpad zo školských jedální,20 01 08,1.278,1.562,2.272
37880080,"Stredná odborná škola služieb, Košická 20, Prešov",Prešov,Prešov,Prešovský,Gastro a stravovacie zariadenia,Stredná škola,299.0,žiak,typova,Kuchynský odpad zo školských jedální,20 01 08,1.278,1.562,2.272
37883658,"Základná škola s materskou školou, Smilno 205",Smilno,Bardejov,Prešovský,Gastro a stravovacie zariadenia,Základná škola,226.0,žiak,typova,Kuchynský odpad zo školských jedální,20 01 08,1.449,1.771,2.576
37886436,Nemocnica Dr. Vojtecha Alexandra v Kežmarku n.o.,Kežmarok,Kežmarok,Prešovský,Gastro a stravovacie zariadenia,Nemocnica,349.0,lôžko,typova,Kuchynský odpad zo zdravotníckych a sociálnych zariadení,20 01 08,20.147,26.863,32.739
37886851,"Ľubovnianska nemocnica, n.o.",Stará Ľubovňa,Stará Ľubovňa,Prešovský,Gastro a stravovacie zariadenia,Nemocnica,349.0,lôžko,typova,Kuchynský odpad zo zdravotníckych a sociálnych zariadení,20 01 08,20.147,26.863,32.739
37886908,"Súkromná školská jedáleň, n. o. Prešov",Prešov,Prešov,Prešovský,Gastro a stravovacie zariadenia,Školská jedáleň,226.0,stravník,typova,Kuchynský odpad zo školských jedální,20 01 08,1.932,2.362,3.435
37903152,"Materská škola, Lietava 368",Lietava,Žilina,Žilinský,Gastro a stravovacie zariadenia,Materská škola,56.0,dieťa,typova,Kuchynský odpad zo školských jedální,20 01 08,1.257,1.536,2.234
37904591,"Materská škola, Svrčinovec 856",Svrčinovec,Čadca,Žilinský,Gastro a stravovacie zariadenia,Materská škola,56.0,dieťa,typova,Kuchynský odpad zo školských jedální,20 01 08,1.257,1.536,2.234
37904957,"Materská škola, Čajakova 4A, Žilina",Žilina,Žilina,Žilinský,Gastro a stravovacie zariadenia,Materská škola,56.0,dieťa,typova,Kuchynský odpad zo školských jedální,20 01 08,1.257,1.536,2.234
37904990,"Materská škola, Smrečany 117",Smrečany,Liptovský Mikuláš,Žilinský,Gastro a stravovacie zariadenia,Materská škola,56.0,dieťa,typova,Kuchynský odpad zo školských jedální,20 01 08,1.257,1.536,2.234
37905074,"Materská škola, Stavbárska 4, Žilina",Žilina,Žilina,Žilinský,Gastro a stravovacie zariadenia,Materská škola,56.0,dieťa,typova,Kuchynský odpad zo školských jedální,20 01 08,1.257,1.536,2.234
37906089,"Materská škola, Ochodnica 355",Ochodnica,Kysucké Nové Mesto,Žilinský,Gastro a stravovacie zariadenia,Materská škola,56.0,dieťa,typova,Kuchynský odpad zo školských jedální,20 01 08,1.257,1.536,2.234
37909533,"Spojená škola Kráľovnej pokoja, Na Závaží 2, Žilina",Žilina,Žilina,Žilinský,Gastro a stravovacie zariadenia,Stredná škola,299.0,žiak,typova,Kuchynský odpad zo školských jedální,20 01 08,1.278,1.562,2.272
37909631,"Materská škola, Korňa 720",Korňa,Čadca,Žilinský,Gastro a stravovacie zariadenia,Materská škola,56.0,dieťa,typova,Kuchynský odpad zo školských jedální,20 01 08,1.257,1.536,2.234
37939076,Súkromné gymnázium DSA,Bardejov,Bardejov,Prešovský,Gastro a stravovacie zariadenia,Stredná škola,299.0,žiak,typova,Kuchynský odpad zo školských jedální,20 01 08,1.278,1.562,2.272
37942484,"Stredná odborná škola technická, Družstevná 1474/19, Humenné",Humenné,Humenné,Prešovský,Gastro a stravovacie zariadenia,Stredná škola,299.0,žiak,typova,Kuchynský odpad zo školských jedální,20 01 08,1.278,1.562,2.272
37942743,"Spojená škola sv. Jána Pavla II., Dlhé hony 3522/2, Poprad",Poprad,Poprad,Prešovský,Gastro a stravovacie zariadenia,Stredná škola,299.0,žiak,typova,Kuchynský odpad zo školských jedální,20 01 08,1.278,1.562,2.272
37947541,"Stredná odborná škola polytechnická Jána Antonína Baťu, Svit",Svit,Poprad,Prešovský,Gastro a stravovacie zariadenia,Stredná škola,299.0,žiak,typova,Kuchynský odpad zo školských jedální,20 01 08,1.278,1.562,2.272
37947958,"Materská škola, Partizánska 22, Humenné",Humenné,Humenné,Prešovský,Gastro a stravovacie zariadenia,Materská škola,56.0,dieťa,typova,Kuchynský odpad zo školských jedální,20 01 08,1.257,1.536,2.234
37950410,"Cirkevná školská jedáleň, Daxnerova ul. 42, Rimavská Sobota",Rimavská Sobota,Rimavská Sobota,Banskobystrický,Gastro a stravovacie zariadenia,Školská jedáleň,226.0,stravník,typova,Kuchynský odpad zo školských jedální,20 01 08,1.932,2.362,3.435
37954571,Všeobecná nemocnica s poliklinikou Lučenec n.o.,Lučenec,Lučenec,Banskobystrický,Gastro a stravovacie zariadenia,Nemocnica,349.0,lôžko,typova,Kuchynský odpad zo zdravotníckych a sociálnych zariadení,20 01 08,20.147,26.863,32.739
37957660,"Materská škola, marš. Malinovského 1985/41, Zvolen",Zvolen,Zvolen,Banskobystrický,Gastro a stravovacie zariadenia,Materská škola,56.0,dieťa,typova,Kuchynský odpad zo školských jedální,20 01 08,1.257,1.536,2.234
37958470,"Katolícka spojená škola sv. Františka Assiského, Banská Štiavnica",Banská Štiavnica,Banská Štiavnica,Banskobystrický,Gastro a stravovacie zariadenia,Stredná škola,299.0,žiak,typova,Kuchynský odpad zo školských jedální,20 01 08,1.278,1.562,2.272
37959999,"Materská škola, Lhenická 34, Budča",Budča,Zvolen,Banskobystrický,Gastro a stravovacie zariadenia,Materská škola,56.0,dieťa,typova,Kuchynský odpad zo školských jedální,20 01 08,1.257,1.536,2.234
37961161,"Materská škola, Farská ulica 1274/2, Cabaj-Čápor",Cabaj-Čápor,Nitra,Nitriansky,Gastro a stravovacie zariadenia,Materská škola,56.0,dieťa,typova,Kuchynský odpad zo školských jedální,20 01 08,1.257,1.536,2.234
37961284,"Materská škola, Nám. Gy. Széchényiho 3, Nové Zámky",Nové Zámky,Nové Zámky,Nitriansky,Gastro a stravovacie zariadenia,Materská škola,56.0,dieťa,typova,Kuchynský odpad zo školských jedální,20 01 08,1.257,1.536,2.234
37971832,"Špecializovaná nemocnica sv. Svorada Zobor, n.o.",Nitra,Nitra,Nitriansky,Gastro a stravovacie zariadenia,Nemocnica,349.0,lôžko,typova,Kuchynský odpad zo zdravotníckych a sociálnych zariadení,20 01 08,20.147,26.863,32.739
37990357,"Základná škola s materskou školou, Kornela Mahra 11, Trnava",Trnava,Trnava,Trnavský,Gastro a stravovacie zariadenia,Základná škola,226.0,žiak,typova,Kuchynský odpad zo školských jedální,20 01 08,1.449,1.771,2.576
37990411,"Materská škola, Lúčky 14, Holíč",Holíč,Skalica,Trnavský,Gastro a stravovacie zariadenia,Materská škola,56.0,dieťa,typova,Kuchynský odpad zo školských jedální,20 01 08,1.257,1.536,2.234
42011701,Súkromné gymnázium Banskobystrické,Banská Bystrica,Banská Bystrica,Banskobystrický,Gastro a stravovacie zariadenia,Stredná škola,299.0,žiak,typova,Kuchynský odpad zo školských jedální,20 01 08,1.278,1.562,2.272
42026393,"Stredná odborná škola technická, Bratislavská 439/18, Dubnica nad Váhom",Dubnica nad Váhom,Ilava,Trenčiansky,Gastro a stravovacie zariadenia,Stredná škola,299.0,žiak,typova,Kuchynský odpad zo školských jedální,20 01 08,1.278,1.562,2.272
42029503,"Materská škola, Dubovica 48",Dubovica,Sabinov,Prešovský,Gastro a stravovacie zariadenia,Materská škola,56.0,dieťa,typova,Kuchynský odpad zo školských jedální,20 01 08,1.257,1.536,2.234
42035261,"Spojená škola Juraja Henischa, Slovenská 5, Bardejov",Bardejov,Bardejov,Prešovský,Gastro a stravovacie zariadenia,Stredná škola,299.0,žiak,typova,Kuchynský odpad zo školských jedální,20 01 08,1.278,1.562,2.272
42085438,"Materská škola, Antona Prídavka 1, Prešov",Prešov,Prešov,Prešovský,Gastro a stravovacie zariadenia,Materská škola,56.0,dieťa,typova,Kuchynský odpad zo školských jedální,20 01 08,1.257,1.536,2.234
42089824,"Spojená škola internátna, Levočská 24, Stará Ľubovňa",Stará Ľubovňa,Stará Ľubovňa,Prešovský,Gastro a stravovacie zariadenia,Stredná škola,299.0,žiak,typova,Kuchynský odpad zo školských jedální,20 01 08,1.278,1.562,2.272
42090598,"Spojená škola Jána Vojtaššáka internátna, Levoča",Levoča,Levoča,Prešovský,Gastro a stravovacie zariadenia,Stredná škola,299.0,žiak,typova,Kuchynský odpad zo školských jedální,20 01 08,1.278,1.562,2.272
42102201,"Materská škola, Richnava 260",Richnava,Gelnica,Košický,Gastro a stravovacie zariadenia,Materská škola,56.0,dieťa,typova,Kuchynský odpad zo školských jedální,20 01 08,1.257,1.536,2.234
42102553,"Súkromná spojená škola EDURAM, Krompachy",Krompachy,Spišská Nová Ves,Košický,Gastro a stravovacie zariadenia,Stredná škola,299.0,žiak,typova,Kuchynský odpad zo školských jedální,20 01 08,1.278,1.562,2.272
42109191,"Cirkevná spojená škola, Komenského 6, Spišské Vlachy",Spišské Vlachy,Spišská Nová Ves,Košický,Gastro a stravovacie zariadenia,Stredná škola,299.0,žiak,typova,Kuchynský odpad zo školských jedální,20 01 08,1.278,1.562,2.272
42114985,Súkromná stredná odborná škola polytechnická DSA,Nitra,Nitra,Nitriansky,Gastro a stravovacie zariadenia,Stredná škola,299.0,žiak,typova,Kuchynský odpad zo školských jedální,20 01 08,1.278,1.562,2.272
42152411,Súkromné gymnázium FUTURUM,Trenčín,Trenčín,Trenčiansky,Gastro a stravovacie zariadenia,Stredná škola,299.0,žiak,typova,Kuchynský odpad zo školských jedální,20 01 08,1.278,1.562,2.272
42176182,"Spojená škola sv. Františka z Assisi, Karloveská 32, Bratislava",Bratislava - mestská časť Karlova Ves,Bratislava IV,Bratislavský,Gastro a stravovacie zariadenia,Stredná škola,299.0,žiak,typova,Kuchynský odpad zo školských jedální,20 01 08,1.278,1.562,2.272
42187184,"Materská škola, 29. augusta 64, Hronec",Hronec,Brezno,Banskobystrický,Gastro a stravovacie zariadenia,Materská škola,56.0,dieťa,typova,Kuchynský odpad zo školských jedální,20 01 08,1.257,1.536,2.234
42213738,"Materská škola, Klokočov 976",Klokočov,Čadca,Žilinský,Gastro a stravovacie zariadenia,Materská škola,56.0,dieťa,typova,Kuchynský odpad zo školských jedální,20 01 08,1.257,1.536,2.234
42224055,"Evanjelická spojená škola, M. R. Štefánika 19, Martin",Martin,Martin,Žilinský,Gastro a stravovacie zariadenia,Stredná škola,299.0,žiak,typova,Kuchynský odpad zo školských jedální,20 01 08,1.278,1.562,2.272
42228409,"Materská škola, Čsl. letcov 2, Ľubotice",Ľubotice,Prešov,Prešovský,Gastro a stravovacie zariadenia,Materská škola,56.0,dieťa,typova,Kuchynský odpad zo školských jedální,20 01 08,1.257,1.536,2.234
42228760,"Súkromná školská jedáleň, Volgogradská 3, Prešov",Prešov,Prešov,Prešovský,Gastro a stravovacie zariadenia,Školská jedáleň,226.0,stravník,typova,Kuchynský odpad zo školských jedální,20 01 08,1.932,2.362,3.435
42243378,"Spojená škola, J. A. Komenského 5, Rožňava",Rožňava,Rožňava,Košický,Gastro a stravovacie zariadenia,Stredná škola,299.0,žiak,typova,Kuchynský odpad zo školských jedální,20 01 08,1.278,1.562,2.272
42251001,"Súkromná školská jedáleň, Užhorodská 39, Košice",Košice - mestská časť Juh,Košice IV,Košický,Gastro a stravovacie zariadenia,Školská jedáleň,226.0,stravník,typova,Kuchynský odpad zo školských jedální,20 01 08,1.932,2.362,3.435
42258120,"Spojená škola de La Salle, Čachtická 14, Bratislava",Bratislava - mestská časť Rača,Bratislava III,Bratislavský,Gastro a stravovacie zariadenia,Stredná škola,299.0,žiak,typova,Kuchynský odpad zo školských jedální,20 01 08,1.278,1.562,2.272
42278236,Spojená škola Nitrianske Pravno,Nitrianske Pravno,Prievidza,Trenčiansky,Gastro a stravovacie zariadenia,Stredná škola,299.0,žiak,typova,Kuchynský odpad zo školských jedální,20 01 08,1.278,1.562,2.272
42280885,"Súkromná spojená škola, M. Falešníka 6, Prievidza",Prievidza,Prievidza,Trenčiansky,Gastro a stravovacie zariadenia,Stredná škola,299.0,žiak,typova,Kuchynský odpad zo školských jedální,20 01 08,1.278,1.562,2.272
42293570,"Súkromná školská jedáleň, Mostová 53",Mostová,Galanta,Trnavský,Gastro a stravovacie zariadenia,Školská jedáleň,226.0,stravník,typova,Kuchynský odpad zo školských jedální,20 01 08,1.932,2.362,3.435
42302188,"Školská jedáleň, SNP 1026, Kalinovo",Kalinovo,Poltár,Banskobystrický,Gastro a stravovacie zariadenia,Školská jedáleň,226.0,stravník,typova,Kuchynský odpad zo školských jedální,20 01 08,1.932,2.362,3.435
42303117,"Materská škola, Nám. SNP 17, Detva",Detva,Detva,Banskobystrický,Gastro a stravovacie zariadenia,Materská škola,56.0,dieťa,typova,Kuchynský odpad zo školských jedální,20 01 08,1.257,1.536,2.234
42308763,"Materská škola, Malinovského 874, Krupina",Krupina,Krupina,Banskobystrický,Gastro a stravovacie zariadenia,Materská škola,56.0,dieťa,typova,Kuchynský odpad zo školských jedální,20 01 08,1.257,1.536,2.234
42319234,Premonštrátske gymnázium,Košice,Košice I,Košický,Gastro a stravovacie zariadenia,Stredná škola,299.0,žiak,typova,Kuchynský odpad zo školských jedální,20 01 08,1.278,1.562,2.272
42324157,"Materská škola, Ruskov 280",Ruskov,Košice - okolie,Košický,Gastro a stravovacie zariadenia,Materská škola,56.0,dieťa,typova,Kuchynský odpad zo školských jedální,20 01 08,1.257,1.536,2.234
42330238,"Školská jedáleň, Juhoslovanská 2, Košice",Košice - mestská časť Sídlisko Ťahanovce,Košice I,Košický,Gastro a stravovacie zariadenia,Školská jedáleň,226.0,stravník,typova,Kuchynský odpad zo školských jedální,20 01 08,1.932,2.362,3.435
42337071,"Materská škola, Sľažany 321",Sľažany,Zlaté Moravce,Nitriansky,Gastro a stravovacie zariadenia,Materská škola,56.0,dieťa,typova,Kuchynský odpad zo školských jedální,20 01 08,1.257,1.536,2.234
42422132,Súkromná stredná odborná škola pedagogická EBG,Humenné,Humenné,Prešovský,Gastro a stravovacie zariadenia,Stredná škola,299.0,žiak,typova,Kuchynský odpad zo školských jedální,20 01 08,1.278,1.562,2.272
42447470,"Materská škola, Koniarkova 9, Bratislava",Bratislava - mestská časť Vajnory,Bratislava III,Bratislavský,Gastro a stravovacie zariadenia,Materská škola,56.0,dieťa,typova,Kuchynský odpad zo školských jedální,20 01 08,1.257,1.536,2.234
43956513,"Nemocnica Banská Štiavnica, a.s.",Banská Štiavnica,Banská Štiavnica,Banskobystrický,Gastro a stravovacie zariadenia,Nemocnica,349.0,lôžko,typova,Kuchynský odpad zo zdravotníckych a sociálnych zariadení,20 01 08,20.147,26.863,32.739
44444761,Fakultná nemocnica AGEL Skalica a.s.,Skalica,Skalica,Trnavský,Gastro a stravovacie zariadenia,Nemocnica,349.0,lôžko,typova,Kuchynský odpad zo zdravotníckych a sociálnych zariadení,20 01 08,20.147,26.863,32.739
44452519,"Nemocnica s poliklinikou Sv. Lukáša Galanta, a.s.",Galanta,Galanta,Trnavský,Gastro a stravovacie zariadenia,Nemocnica,349.0,lôžko,typova,Kuchynský odpad zo zdravotníckych a sociálnych zariadení,20 01 08,20.147,26.863,32.739
44455356,"Nemocnica s poliklinikou Dunajská Streda, a.s.",Dunajská Streda,Dunajská Streda,Trnavský,Gastro a stravovacie zariadenia,Nemocnica,349.0,lôžko,typova,Kuchynský odpad zo zdravotníckych a sociálnych zariadení,20 01 08,20.147,26.863,32.739
44570783,"Univerzitná nemocnica - Nemocnica svätého Michala, a. s.",Bratislava,Bratislava I,Bratislavský,Gastro a stravovacie zariadenia,Nemocnica,349.0,lôžko,typova,Kuchynský odpad zo zdravotníckych a sociálnych zariadení,20 01 08,20.147,26.863,32.739
44927380,"Nemocnica s poliklinikou Štefana Kukuru Michalovce, a.s.",Michalovce,Michalovce,Košický,Gastro a stravovacie zariadenia,Nemocnica,349.0,lôžko,typova,Kuchynský odpad zo zdravotníckych a sociálnych zariadení,20 01 08,20.147,26.863,32.739
45024006,Súkromné gymnázium Kremnica,Kremnica,Žiar nad Hronom,Banskobystrický,Gastro a stravovacie zariadenia,Stredná škola,299.0,žiak,typova,Kuchynský odpad zo školských jedální,20 01 08,1.278,1.562,2.272
45594929,Nemocnica AGEL Zvolen a.s.,Zvolen,Zvolen,Banskobystrický,Gastro a stravovacie zariadenia,Nemocnica,349.0,lôžko,typova,Kuchynský odpad zo zdravotníckych a sociálnych zariadení,20 01 08,20.147,26.863,32.739
45737967,Nemocnica s poliklinikou n.o. Kráľovský Chlmec,Kráľovský Chlmec,Trebišov,Košický,Gastro a stravovacie zariadenia,Nemocnica,349.0,lôžko,typova,Kuchynský odpad zo zdravotníckych a sociálnych zariadení,20 01 08,20.147,26.863,32.739
45740020,"Nemocnica s poliklinikou Trebišov, n.o.",Trebišov,Trebišov,Košický,Gastro a stravovacie zariadenia,Nemocnica,349.0,lôžko,typova,Kuchynský odpad zo zdravotníckych a sociálnych zariadení,20 01 08,20.147,26.863,32.739
45999848,"Svidnícka nemocnica s poliklinikou Dr. Jozefa Žáka, s.r.o.",Svidník,Svidník,Prešovský,Gastro a stravovacie zariadenia,Nemocnica,349.0,lôžko,typova,Kuchynský odpad zo zdravotníckych a sociálnych zariadení,20 01 08,20.147,26.863,32.739
47236736,"Nemocnica Topoľčany, a. s.",Topoľčany,Topoľčany,Nitriansky,Gastro a stravovacie zariadenia,Nemocnica,349.0,lôžko,typova,Kuchynský odpad zo zdravotníckych a sociálnych zariadení,20 01 08,20.147,26.863,32.739
47249021,"Vranovská nemocnica, a.s.",Vranov nad Topľou,Vranov nad Topľou,Prešovský,Gastro a stravovacie zariadenia,Nemocnica,349.0,lôžko,typova,Kuchynský odpad zo zdravotníckych a sociálnych zariadení,20 01 08,20.147,26.863,32.739
47249048,"Nemocnica A. Leňa Humenné, a.s.",Humenné,Humenné,Prešovský,Gastro a stravovacie zariadenia,Nemocnica,349.0,lôžko,typova,Kuchynský odpad zo zdravotníckych a sociálnych zariadení,20 01 08,20.147,26.863,32.739
47249099,"Nemocnica arm. generála L. Svobodu Svidník, a.s.",Svidník,Svidník,Prešovský,Gastro a stravovacie zariadenia,Nemocnica,349.0,lôžko,typova,Kuchynský odpad zo zdravotníckych a sociálnych zariadení,20 01 08,20.147,26.863,32.739
47365773,Súkromná stredná odborná škola s.r.o.,Oravský Podzámok,Dolný Kubín,Žilinský,Gastro a stravovacie zariadenia,Stredná škola,299.0,žiak,typova,Kuchynský odpad zo školských jedální,20 01 08,1.278,1.562,2.272
48220558,"Nemocnica novej generácie Michalovce, a.s.",Košice - mestská časť Staré Mesto,Bratislava I,Bratislavský,Gastro a stravovacie zariadenia,Nemocnica,349.0,lôžko,typova,Kuchynský odpad zo zdravotníckych a sociálnych zariadení,20 01 08,20.147,26.863,32.739
50005723,"Základná škola s materskou školou, Školská 301/16, Turňa nad Bodvou",Turňa nad Bodvou,Košice - okolie,Košický,Gastro a stravovacie zariadenia,Základná škola,226.0,žiak,typova,Kuchynský odpad zo školských jedální,20 01 08,1.449,1.771,2.576
50645935,"Školská jedáleň, Školská 491/18A, Teplička nad Váhom",Teplička nad Váhom,Žilina,Žilinský,Gastro a stravovacie zariadenia,Školská jedáleň,226.0,stravník,typova,Kuchynský odpad zo školských jedální,20 01 08,1.932,2.362,3.435
51206790,Kežmarské Gymnázium P. O. Hviezdoslava,Kežmarok,Kežmarok,Prešovský,Gastro a stravovacie zariadenia,Stredná škola,299.0,žiak,typova,Kuchynský odpad zo školských jedální,20 01 08,1.278,1.562,2.272
51266784,"Materská škola, Ul. 29. augusta 384/2A, Most pri Bratislave",Most pri Bratislave,Senec,Bratislavský,Gastro a stravovacie zariadenia,Materská škola,56.0,dieťa,typova,Kuchynský odpad zo školských jedální,20 01 08,1.257,1.536,2.234
51278308,"Školská jedáleň, Námestie A. Hlinku 31, Cífer",Cífer,Trnava,Trnavský,Gastro a stravovacie zariadenia,Školská jedáleň,226.0,stravník,typova,Kuchynský odpad zo školských jedální,20 01 08,1.932,2.362,3.435
51906228,"Spojená škola sv. Klementa Hofbauera internátna, Podolínec",Podolínec,Stará Ľubovňa,Prešovský,Gastro a stravovacie zariadenia,Stredná škola,299.0,žiak,typova,Kuchynský odpad zo školských jedální,20 01 08,1.278,1.562,2.272
52089282,"Materská škola, Ulica Ľ. G. Zaoseka 247/10, Opoj",Opoj,Trnava,Trnavský,Gastro a stravovacie zariadenia,Materská škola,56.0,dieťa,typova,Kuchynský odpad zo školských jedální,20 01 08,1.257,1.536,2.234
52206416,"Stredná odborná škola Edith Steinovej, s.r.o.",Nové Mesto nad Váhom,Nové Mesto nad Váhom,Trenčiansky,Gastro a stravovacie zariadenia,Stredná škola,299.0,žiak,typova,Kuchynský odpad zo školských jedální,20 01 08,1.278,1.562,2.272
52547591,"Materská škola s VJM - Óvoda, Rimavská Seč 410",Rimavská Seč,Rimavská Sobota,Banskobystrický,Gastro a stravovacie zariadenia,Materská škola,56.0,dieťa,typova,Kuchynský odpad zo školských jedální,20 01 08,1.257,1.536,2.234
52585204,"Materská škola - Óvoda, Komárovská 58, Bratislava",Bratislava - mestská časť Podunajské Biskupice,Bratislava II,Bratislavský,Gastro a stravovacie zariadenia,Materská škola,56.0,dieťa,typova,Kuchynský odpad zo školských jedální,20 01 08,1.257,1.536,2.234
52800318,"Spojená škola, Dukelská 26/30, Giraltovce",Giraltovce,Svidník,Prešovský,Gastro a stravovacie zariadenia,Stredná škola,299.0,žiak,typova,Kuchynský odpad zo školských jedální,20 01 08,1.278,1.562,2.272
53200268,"Súkromná spojená škola francúzsko-slovenská, Bratislava",Bratislava - mestská časť Petržalka,Bratislava V,Bratislavský,Gastro a stravovacie zariadenia,Stredná škola,299.0,žiak,typova,Kuchynský odpad zo školských jedální,20 01 08,1.278,1.562,2.272
53200284,"Spojená škola bl. biskupa Gojdiča, Bernolákova 21, Prešov",Prešov,Prešov,Prešovský,Gastro a stravovacie zariadenia,Stredná škola,299.0,žiak,typova,Kuchynský odpad zo školských jedální,20 01 08,1.278,1.562,2.272
53200331,"Materská škola, Bodvianska 4, Bratislava",Bratislava - mestská časť Vrakuňa,Bratislava II,Bratislavský,Gastro a stravovacie zariadenia,Materská škola,56.0,dieťa,typova,Kuchynský odpad zo školských jedální,20 01 08,1.257,1.536,2.234
53200349,"Súkromná spojená škola Quality Schools International, Šamorín",Šamorín,Dunajská Streda,Trnavský,Gastro a stravovacie zariadenia,Stredná škola,299.0,žiak,typova,Kuchynský odpad zo školských jedální,20 01 08,1.278,1.562,2.272
53242599,"Spojená škola, Jána Bottu 31, Trnava",Trnava,Trnava,Trnavský,Gastro a stravovacie zariadenia,Stredná škola,299.0,žiak,typova,Kuchynský odpad zo školských jedální,20 01 08,1.278,1.562,2.272
53242726,"Spojená škola, Ostredková 10, Bratislava",Bratislava - mestská časť Ružinov,Bratislava II,Bratislavský,Gastro a stravovacie zariadenia,Stredná škola,299.0,žiak,typova,Kuchynský odpad zo školských jedální,20 01 08,1.278,1.562,2.272
53242742,"Spojená škola, Pankúchova 6, Bratislava",Bratislava - mestská časť Petržalka,Bratislava V,Bratislavský,Gastro a stravovacie zariadenia,Stredná škola,299.0,žiak,typova,Kuchynský odpad zo školských jedální,20 01 08,1.278,1.562,2.272
53255500,"Súkromná spojená škola, Klokočov 90",Klokočov,Čadca,Žilinský,Gastro a stravovacie zariadenia,Stredná škola,299.0,žiak,typova,Kuchynský odpad zo školských jedální,20 01 08,1.278,1.562,2.272
53265301,"Spojená škola, Jarmočná 108, Stará Ľubovňa",Stará Ľubovňa,Stará Ľubovňa,Prešovský,Gastro a stravovacie zariadenia,Stredná škola,299.0,žiak,typova,Kuchynský odpad zo školských jedální,20 01 08,1.278,1.562,2.272
53390920,"Súkromná školská jedáleň, 17. novembra 3723/13, Prešov",Prešov,Prešov,Prešovský,Gastro a stravovacie zariadenia,Školská jedáleň,226.0,stravník,typova,Kuchynský odpad zo školských jedální,20 01 08,1.932,2.362,3.435
53420471,"Základná škola, Hlavná ulica 81/42, Miloslavov",Miloslavov,Senec,Bratislavský,Gastro a stravovacie zariadenia,Základná škola,226.0,žiak,typova,Kuchynský odpad zo školských jedální,20 01 08,1.449,1.771,2.576
53459148,"Základná škola s materskou školou, Školská 252, Beladice",Beladice,Zlaté Moravce,Nitriansky,Gastro a stravovacie zariadenia,Základná škola,226.0,žiak,typova,Kuchynský odpad zo školských jedální,20 01 08,1.449,1.771,2.576
53480341,"Materská škola, Ulica Gašpara Haina 1237/36, Levoča",Levoča,Levoča,Prešovský,Gastro a stravovacie zariadenia,Materská škola,56.0,dieťa,typova,Kuchynský odpad zo školských jedální,20 01 08,1.257,1.536,2.234
53480465,"Materská škola, Predmestie 832/26, Levoča",Levoča,Levoča,Prešovský,Gastro a stravovacie zariadenia,Materská škola,56.0,dieťa,typova,Kuchynský odpad zo školských jedální,20 01 08,1.257,1.536,2.234
53480783,"Materská škola, Ulica Gustáva Hermanna 225/9, Levoča",Levoča,Levoča,Prešovský,Gastro a stravovacie zariadenia,Materská škola,56.0,dieťa,typova,Kuchynský odpad zo školských jedální,20 01 08,1.257,1.536,2.234
53480899,"Materská škola, Ulica Jána Francisciho 1674/8, Levoča",Levoča,Levoča,Prešovský,Gastro a stravovacie zariadenia,Materská škola,56.0,dieťa,typova,Kuchynský odpad zo školských jedální,20 01 08,1.257,1.536,2.234
53800818,Súkromná školská jedáleň VČ s. r. o.,Bratislava - mestská časť Jarovce,Bratislava I,Bratislavský,Gastro a stravovacie zariadenia,Školská jedáleň,226.0,stravník,typova,Kuchynský odpad zo školských jedální,20 01 08,1.932,2.362,3.435
54006805,"Školská jedáleň, Sídlisko II 1336, Vranov nad Topľou",Vranov nad Topľou,Vranov nad Topľou,Prešovský,Gastro a stravovacie zariadenia,Školská jedáleň,226.0,stravník,typova,Kuchynský odpad zo školských jedální,20 01 08,1.932,2.362,3.435
54006937,"Školská jedáleň, Lúčna 827/26, Vranov nad Topľou",Vranov nad Topľou,Vranov nad Topľou,Prešovský,Gastro a stravovacie zariadenia,Školská jedáleň,226.0,stravník,typova,Kuchynský odpad zo školských jedální,20 01 08,1.932,2.362,3.435
54006996,"Školská jedáleň, Juh 1054, Vranov nad Topľou",Vranov nad Topľou,Vranov nad Topľou,Prešovský,Gastro a stravovacie zariadenia,Školská jedáleň,226.0,stravník,typova,Kuchynský odpad zo školských jedální,20 01 08,1.932,2.362,3.435
54007097,"Školská jedáleň, Bernolákova ulica 1061, Vranov nad Topľou",Vranov nad Topľou,Vranov nad Topľou,Prešovský,Gastro a stravovacie zariadenia,Školská jedáleň,226.0,stravník,typova,Kuchynský odpad zo školských jedální,20 01 08,1.932,2.362,3.435
54645298,"Školská jedáleň, Kysucká 14, Senec",Senec,Senec,Bratislavský,Gastro a stravovacie zariadenia,Školská jedáleň,226.0,stravník,typova,Kuchynský odpad zo školských jedální,20 01 08,1.932,2.362,3.435
54909082,"Súkromná výdajná školská jedáleň Libellus, Bratislava",Bratislava - mestská časť Lamač,Bratislava IV,Bratislavský,Gastro a stravovacie zariadenia,Školská jedáleň,226.0,stravník,typova,Kuchynský odpad zo školských jedální,20 01 08,1.932,2.362,3.435
56034831,"Školská jedáleň, Hlavná 789, Dolný Štál",Dolný Štál,Dunajská Streda,Trnavský,Gastro a stravovacie zariadenia,Školská jedáleň,226.0,stravník,typova,Kuchynský odpad zo školských jedální,20 01 08,1.932,2.362,3.435
56660740,"Súkromná školská jedáleň KSPV, Jesenná 18, Prešov",Prešov,Prešov,Prešovský,Gastro a stravovacie zariadenia,Školská jedáleň,226.0,stravník,typova,Kuchynský odpad zo školských jedální,20 01 08,1.932,2.362,3.435
57114838,Školská jedáleň – Mavi s. r. o.,Viničné,Pezinok,Bratislavský,Gastro a stravovacie zariadenia,Školská jedáleň,226.0,stravník,typova,Kuchynský odpad zo školských jedální,20 01 08,1.932,2.362,3.435
57675112,"Súkromná školská jedáleň, Bernolákova 21, Prešov",Prešov,Prešov,Prešovský,Gastro a stravovacie zariadenia,Školská jedáleň,226.0,stravník,typova,Kuchynský odpad zo školských jedální,20 01 08,1.932,2.362,3.435
57767394,"Súkromná školská jedáleň Zdravý projekt, Pekníkova 6, Bratislava",Bratislava - mestská časť Dúbravka,Michalovce,Košický,Gastro a stravovacie zariadenia,Školská jedáleň,226.0,stravník,typova,Kuchynský odpad zo školských jedální,20 01 08,1.932,2.362,3.435
57767581,"Súkromná školská jedáleň, Bilíková 24, Bratislava",Bratislava - mestská časť Dúbravka,Michalovce,Košický,Gastro a stravovacie zariadenia,Školská jedáleň,226.0,stravník,typova,Kuchynský odpad zo školských jedální,20 01 08,1.932,2.362,3.435
57769621,"Súkromná výdajná školská jedáleň, Rastislavova 332, Nováky",Nováky,Prievidza,Trenčiansky,Gastro a stravovacie zariadenia,Školská jedáleň,226.0,stravník,typova,Kuchynský odpad zo školských jedální,20 01 08,1.932,2.362,3.435
57802262,"Súkromná výdajná školská jedáleň, Dúbravská cesta 11, Bratislava",Bratislava - mestská časť Dúbravka,Michalovce,Košický,Gastro a stravovacie zariadenia,Školská jedáleň,226.0,stravník,typova,Kuchynský odpad zo školských jedální,20 01 08,1.932,2.362,3.435
